time,open,high,low,close,Volume,Volume MA,NV,USDCNH_close,USDJPY_close,USDGBP_close,USDCAD_close,USDCHF_close,USDNZD_close,EURUSD_close,EURCNH_close,EURJPY_close,EURGBP_close,EURCAD_close,EURCHF_close,EURNZD_close,AUDUSD_close,AUDCNH_close,AUDJPY_close,AUDGBP_close,AUDEUR_close,AUDCAD_close,AUDCHF_close,AUDNZD_close,SPX500_close,EURO50_close,AUS200_close,XAUUSD_close,WTIOIL_close
1698344160,0.63279,0.63283,0.63277,0.63277,78,134.8,-78,7.32414,150.382,0.824218846588146,1.38175,0.89913,1.7168560931222745,1.05556,7.72936,158.738,0.86998,1.45845,0.94908,1.81218,0.63277,4.63405,95.158,0.5215695069603451,0.5994952250205328,0.87431,0.56896,1.08636,4150.93,4041.47,6800.14,1985.58,83.459
1698344220,0.63277,0.63278,0.63272,0.63274,171,134.05,-171,7.32424,150.391,0.8242528148233627,1.38173,0.89913,1.7169150470434724,1.05555,7.72947,158.746,0.87001,1.45842,0.94907,1.81223,0.63274,4.63384,95.158,0.521550465223015,0.5994556942296395,0.87423,0.5689,1.08631,4151.67,4042.48,6801.12,1985.32,83.461
1698344280,0.63274,0.63279,0.63265,0.63276,155,134.4,155,7.32411,150.393,0.8242596088063897,1.38174,0.89909,1.7167381974248928,1.05559,7.7297,158.757,0.87005,1.45852,0.94907,1.81213,0.63276,4.63392,95.163,0.5215885500881485,0.5994628812583924,0.87429,0.56889,1.08623,4152.42,4043.47,6801.14,1985.43,83.369
1698344340,0.63276,0.63279,0.63268,0.63268,100,131.4,-100,7.32405,150.394,0.824334350012365,1.382,0.89912,1.716767669831242,1.05555,7.7292,158.75,0.8701,1.45872,0.94907,1.8121,0.63268,4.63324,95.15,0.5215640663220866,0.5994125756758377,0.87432,0.56884,1.08613,4150.93,4042.47,6800.13,1985.38,83.265
1698344400,0.63268,0.63276,0.63262,0.63262,140,129.5,-140,7.32411,150.407,0.8244023083264632,1.38215,0.89918,1.7170624495612907,1.05554,7.72913,158.76,0.87015,1.45887,0.94911,1.8124,0.63262,4.6329,95.15,0.5215531853860798,0.5993586862057598,0.87434,0.56883,1.08621,4150.29,4041.48,6800.13,1985.17,83.236
1698344460,0.63262,0.63262,0.63253,0.63255,130,126.8,-130,7.3247,150.403,0.8244226980057215,1.3822,0.89922,1.7170919331020982,1.05549,7.72946,158.753,0.87015,1.45884,0.94911,1.8124,0.63255,4.63268,95.14,0.5215178254792748,0.599319173418996,0.87427,0.56879,1.08615,4149.68,4041.49,6798.63,1984.99,83.324
1698344520,0.63255,0.63268,0.63255,0.63264,174,128.85,174,7.32447,150.404,0.8243615319934711,1.38204,0.8992,1.7168855695767877,1.0556,7.72994,158.767,0.87016,1.45882,0.94918,1.81229,0.63264,4.6332,95.151,0.5215559055775189,0.5993479094744918,0.87431,0.56887,1.08614,4150.68,4041.47,6799.13,1984.84,83.271
1698344580,0.63264,0.63275,0.63263,0.63268,170,131.55,170,7.32404,150.403,0.8243683277688472,1.38199,0.89917,1.716620317918083,1.05565,7.72978,158.775,0.87021,1.45884,0.94919,1.81213,0.63268,4.63322,95.156,0.5215776681305613,0.5993550939189431,0.87434,0.56888,1.08606,4150.41,4041.47,6799.12,1984.91,83.275
1698344640,0.63268,0.63273,0.63264,0.63265,165,131.6,-165,7.3239,150.397,0.824347940778844,1.38209,0.89912,1.716620317918083,1.05575,7.73042,158.782,0.87026,1.45907,0.94924,1.81225,0.63265,4.63304,95.15,0.521550465223015,0.5992796658416583,0.87437,0.56883,1.08599,4148.92,4040.47,6798.64,1985.21,83.266
1698344700,0.63265,0.63265,0.63249,0.63253,196,136.65,-196,7.32407,150.412,0.8244702778464835,1.38223,0.89917,1.7169740050135642,1.0557,7.73028,158.79,0.87035,1.45915,0.94925,1.81255,0.63253,4.63216,95.141,0.5215232651528585,0.5991827147770441,0.87427,0.56874,1.08596,4147.18,4039.49,6796.14,1985.27,83.254
1698344760,0.63253,0.63265,0.63253,0.6326,178,137.2,178,7.32457,150.425,0.8244294947896056,1.38209,0.89933,1.7168560931222745,1.05566,7.73058,158.795,0.8703,1.45897,0.94937,1.81235,0.6326,4.63288,95.158,0.5215531853860798,0.5992688919518188,0.87426,0.56889,1.08604,4150.42,4041.48,6799.12,1985.51,83.249
1698344820,0.6326,0.6326,0.63248,0.63248,90,134.4,-90,7.32485,150.413,0.8245110649384916,1.38237,0.8994,1.717032967032967,1.0556,7.73036,158.779,0.87032,1.45913,0.94939,1.81246,0.63248,4.63242,95.134,0.521506946472527,0.5991934855684249,0.87427,0.56885,1.08597,4149.42,4040.49,6798.14,1985.38,83.156
1698344880,0.63248,0.63263,0.63245,0.63263,151,136.4,151,7.32443,150.403,0.8243955119908328,1.38224,0.89931,1.7167381974248928,1.05571,7.73072,158.783,0.87029,1.45916,0.9494,1.81227,0.63263,4.63291,95.148,0.5215477450883241,0.5992688919518188,0.87438,0.56891,1.08597,4151.93,4041.47,6799.62,1985.36,83.175
1698344940,0.63263,0.63268,0.63255,0.63267,152,137.7,152,7.32407,150.412,0.8243411453395874,1.38215,0.89935,1.716531918911032,1.05579,7.73093,158.803,0.8703,1.45919,0.94952,1.8123,0.63267,4.6332,95.162,0.5215477450883241,0.5992653007412913,0.8744,0.569,1.08596,4153.91,4042.48,6801.14,1985.4,83.159
1698345000,0.63267,0.63269,0.6326,0.63267,174,139.75,0,7.32383,150.403,0.8242799914274881,1.38207,0.89932,1.7165024545985101,1.05589,7.73141,158.809,0.87035,1.45925,0.94958,1.81239,0.63267,4.63295,95.157,0.5215205453018822,0.5992078472259672,0.87435,0.56896,1.08597,4152.17,4041.48,6799.64,1985.57,83.234
1698345060,0.63267,0.63271,0.63262,0.63268,133,139.2,133,7.32387,150.402,0.824334350012365,1.38201,0.89932,1.7165024545985101,1.05586,7.73126,158.804,0.87036,1.45914,0.94958,1.81232,0.63268,4.63298,95.156,0.521550465223015,0.5992222095719756,0.87431,0.56896,1.08591,4153.66,4042.49,6801.14,1985.78,83.25
1698345120,0.63268,0.63291,0.63266,0.63288,188,143.6,188,7.32358,150.392,0.8241237504223633,1.38183,0.89919,1.7159133806925428,1.05617,7.73298,158.836,0.87039,1.45937,0.94968,1.81229,0.63288,4.63436,95.181,0.5215939912372209,0.5992617095738051,0.8745,0.56909,1.08597,4157.66,4045.48,6804.12,1985.71,83.226
1698345180,0.63288,0.63305,0.63288,0.63304,227,149.25,227,7.32339,150.383,0.8239132584121545,1.38173,0.899,1.7154718405297378,1.05642,7.73489,158.865,0.87038,1.45963,0.94972,1.81221,0.63304,4.63547,95.197,0.5215831090525964,0.59924375438197,0.87464,0.56908,1.08594,4160.17,4046.49,6806.12,1985.88,83.125
1698345240,0.63304,0.63304,0.63293,0.63293,180,152.45,-180,7.32355,150.38,0.8240083060037245,1.38194,0.89903,1.71573673735502,1.05634,7.73439,158.853,0.87041,1.45972,0.94967,1.81235,0.63293,4.63474,95.18,0.5215423049040623,0.5991934855684249,0.87462,0.56899,1.08589,4159.18,4045.53,6805.13,1985.68,83.044
1698345300,0.63293,0.63293,0.63268,0.63274,173,156.25,-173,7.32407,150.39,0.8241509185161986,1.3821,0.89912,1.7163256899629276,1.05616,7.73361,158.835,0.8704,1.45965,0.94958,1.81267,0.63274,4.63354,95.158,0.5214851898206091,0.5991073300781835,0.87444,0.56889,1.08595,4156.66,4043.49,6804.12,1985.48,83.001
1698345360,0.63274,0.63285,0.63272,0.63284,175,161.1,175,7.32366,150.399,0.8241237504223633,1.38199,0.89911,1.7164140677296993,1.05615,7.73301,158.846,0.87037,1.45952,0.94959,1.81276,0.63284,4.63401,95.179,0.5215450249820067,0.5992222095719756,0.87453,0.56898,1.08618,4159.92,4045.48,6805.63,1985.35,83.034
1698345420,0.63284,0.63284,0.63277,0.63278,119,158.5,-119,7.32354,150.4,0.8241780884013418,1.38205,0.89916,1.7165024545985101,1.05606,7.73231,158.836,0.87037,1.45946,0.94955,1.81268,0.63278,4.63352,95.171,0.5215341448404627,0.5992078472259672,0.8745,0.56896,1.08613,4157.67,4044.48,6803.63,1985.42,83.034
1698345480,0.63278,0.63288,0.63278,0.6328,112,156.35,112,7.32361,150.402,0.8241780884013418,1.38205,0.89912,1.7164435290078957,1.05619,7.73317,158.852,0.87047,1.45963,0.94962,1.81283,0.6328,4.63365,95.175,0.5215586257973328,0.599168354324198,0.87451,0.56896,1.08612,4158.17,4044.51,6804.63,1985.63,83.085
1698345540,0.6328,0.63281,0.63271,0.63278,135,158.1,-135,7.32356,150.412,0.8241305422778968,1.38206,0.89914,1.716531918911032,1.05616,7.73286,158.859,0.87036,1.45957,0.9496,1.81284,0.63278,4.63342,95.177,0.5214851898206091,0.5991575844362826,0.87447,0.56892,1.08611,4157.43,4044.48,6804.14,1985.59,83.084
1698345600,0.63278,0.63278,0.6326,0.63266,157,158.95,-157,7.3235,150.422,0.8241509185161986,1.38204,0.89913,1.7167971432495537,1.05618,7.73301,158.871,0.87042,1.45961,0.94964,1.81318,0.63266,4.6325,95.166,0.5214063371726221,0.5990247876457128,0.8743,0.56885,1.08608,4156.16,4043.49,6803.12,1985.73,83.096
1698345660,0.63266,0.63289,0.63266,0.63289,169,160.9,169,7.32325,150.413,0.8239200467986586,1.3817,0.89894,1.7161784139079097,1.05645,7.73489,158.902,0.87041,1.4596200000000001,0.94967,1.81295,0.63289,4.63419,95.195,0.5214634349839389,0.5991073300781835,0.87441,0.56893,1.08608,4161.18,4047.48,6808.13,1985.93,83.145
1698345720,0.63289,0.63289,0.63281,0.63283,193,161.85,-193,7.32326,150.404,0.8238589553468446,1.38188,0.89893,1.7163551482072672,1.05639,7.73447,158.883,0.8703,1.45976,0.9496,1.81308,0.63283,4.63381,95.179,0.5213818705095986,0.5990678504247391,0.87446,0.56886,1.08615,4160.43,4046.48,6806.13,1985.93,83.141
1698345780,0.63283,0.63294,0.63281,0.63294,150,160.85,150,7.32324,150.369,0.8237775141689733,1.38189,0.89888,1.7163256899629276,1.05647,7.73496,158.858,0.87028,1.45984,0.94961,1.81314,0.63294,4.63452,95.173,0.5214090558324816,0.5991324562034175,0.87461,0.56892,1.08626,4161.43,4047.47,6808.13,1986.36,83.159
1698345840,0.63294,0.63294,0.63271,0.63272,124,158.8,-124,7.3237000000000005,150.369,0.8239743579179816,1.38208,0.89897,1.7167971432495537,1.05631,7.73435,158.83599999999998,0.87037,1.45983,0.94958,1.81347,0.63272,4.63335,95.143,0.5213601242922536,0.5990211993602453,0.87443,0.56879,1.08623,4157.66,4045.47,6805.13,1986.5,83.226
1698345900,0.63272,0.63285,0.63267,0.63273,176,157.8,176,7.32381,150.385,0.8240218860212928,1.38199,0.89901,1.7168855695767877,1.05631,7.73426,158.852,0.87042,1.45976,0.94961,1.8136,0.63273,4.63349,95.153,0.5213954628166826,0.5990176111177669,0.87438,0.56882,1.08631,4159.68,4046.47,6808.13,1986.44,83.185
1698345960,0.63273,0.63281,0.63267,0.63271,172,157.5,-172,7.32388,150.402,0.8240558380235844,1.3819,0.8991,1.7170034855170757,1.05621,7.7336,158.855,0.87037,1.45949,0.94961,1.81358,0.63271,4.63344,95.161,0.5214117745206922,0.5990714392691329,0.87429,0.56886,1.08639,4160.68,4046.47,6808.12,1986.27,83.204
1698346020,0.63271,0.63279,0.63271,0.63275,171,161.55,171,7.32381,150.403,0.8241305422778968,1.38185,0.89908,1.7170624495612907,1.05621,7.73365,158.856,0.87042,1.45946,0.94962,1.81361,0.63275,4.6337,95.168,0.5214933483523417,0.5991109193956169,0.87433,0.56888,1.08648,4160.92,4047.47,6808.14,1986.23,83.205
1698346080,0.63275,0.63283,0.63274,0.63283,177,162.85,177,7.32368,150.391,0.8239268352970256,1.38176,0.89897,1.7168560931222745,1.0563,7.73426,158.857,0.87032,1.45952,0.9496,1.81354,0.63283,4.6342,95.172,0.5214308061320263,0.5991252770954406,0.87438,0.56889,1.08647,4161.17,4047.47,6809.14,1986.18,83.225
1698346140,0.63283,0.63284,0.63276,0.63277,174,163.95,-174,7.32392,150.393,0.8240286761979317,1.38182,0.89904,1.7172098773912148,1.0562,7.73367,158.843,0.87032,1.45941,0.94955,1.81362,0.63277,4.63383,95.164,0.5214362439904473,0.599128866627923,0.87434,0.56887,1.08654,4159.67,4046.47,6807.62,1985.98,83.205
1698346200,0.63277,0.63294,0.63277,0.6329,189,164.7,189,7.32372,150.393,0.8239743579179816,1.38165,0.899,1.716767669831242,1.05619,7.73341,158.844,0.87027,1.45923,0.94951,1.81324,0.6329,4.63456,95.18,0.5215042267917581,0.5992365726064993,0.87437,0.56893,1.08648,4160.43,4047.48,6809.14,1985.81,83.165
1698346260,0.6329,0.63296,0.63279,0.63279,110,163.55,-110,7.32375,150.394,0.8241033755274261,1.38166,0.89905,1.7171509032213752,1.05604,7.73225,158.82,0.87029,1.45901,0.94944,1.81332,0.63279,4.63391,95.167,0.5215123859191656,0.5992222095719756,0.87424,0.5689,1.08657,4159.67,4047.47,6808.63,1985.8,83.161
1698346320,0.63279,0.63296,0.63278,0.63296,147,161.5,147,7.32354,150.381,0.8240015161627898,1.38149,0.89899,1.7167971432495537,1.05615,7.73285,158.825,0.87025,1.45902,0.94943,1.81314,0.63296,4.63481,95.182,0.5215722273220396,0.5993263571745359,0.87435,0.56898,1.0866,4162.92,4048.51,6811.12,1985.75,83.139
1698346380,0.63296,0.63301,0.63294,0.63296,187,159.5,0,7.32349,150.371,0.823987936816605,1.38153,0.8989,1.7167381974248928,1.05614,7.73296,158.814,0.87025,1.45904,0.94935,1.81305,0.63296,4.63486,95.176,0.5215695069603451,0.599322765275239,0.87439,0.56894,1.08661,4164.41,4049.53,6812.64,1986.09,83.194
1698346440,0.63296,0.63302,0.63293,0.63299,148,157.9,148,7.32346,150.37,0.823987936816605,1.38135,0.89885,1.7165908505707663,1.05616,7.73301,158.817,0.87027,1.45886,0.94933,1.81292,0.63299,4.63519,95.181,0.5215912706484944,0.5993443173168553,0.87431,0.56894,1.08659,4164.66,4050.49,6813.63,1986.29,83.231
1698346500,0.63299,0.63305,0.63293,0.63293,164,157.45,-164,7.32348,150.379,0.8240558380235844,1.38132,0.8989,1.7166792556478747,1.05609,7.73251,158.815,0.87027,1.45873,0.94932,1.81291,0.63293,4.63484,95.179,0.5215967118543284,0.5993371331307574,0.87424,0.56893,1.0865,4165.18,4050.48,6814.14,1986.4,83.256
1698346560,0.63293,0.63307,0.63291,0.63303,170,157.2,170,7.32364,150.369,0.8240218860212928,1.38138,0.89882,1.716531918911032,1.05624,7.73391,158.827,0.87037,1.45903,0.94935,1.813,0.63303,4.63571,95.188,0.5216592938819798,0.5993407252022774,0.87444,0.56897,1.0866,4165.43,4050.49,6814.12,1986.56,83.274
1698346620,0.63303,0.63304,0.63289,0.63289,146,158.55,-146,7.32367,150.379,0.8241712957621111,1.38146,0.89892,1.7169445255223803,1.056,7.73218,158.803,0.87031,1.45877,0.94926,1.81301,0.63289,4.63466,95.174,0.5216402455882276,0.5993443173168553,0.87429,0.56891,1.08662,4164.41,4049.53,6813.13,1986.65,83.276
1698346680,0.63289,0.63294,0.63288,0.63289,98,157.85,0,7.32368,150.379,0.8240694196079078,1.38135,0.8988,1.7169740050135642,1.05608,7.73277,158.814,0.87029,1.45876,0.94921,1.81318,0.63289,4.63467,95.174,0.5215695069603451,0.5992976231856264,0.8742,0.56883,1.08662,4164.66,4050.47,6813.13,1986.72,83.286
1698346740,0.63289,0.6329,0.6328,0.6328,171,159.65,-171,7.32377,150.369,0.8240626287597858,1.38149,0.899,1.7170034855170757,1.05609,7.73272,158.802,0.87027,1.45887,0.9494,1.81317,0.6328,4.63407,95.154,0.5214987875153191,0.5992329817833173,0.87419,0.56888,1.08647,4167.41,4051.47,6815.12,1985.9,83.304
1698346800,0.6328,0.63287,0.63276,0.63276,130,158.3,-130,7.32392,150.372,0.8241305422778968,1.38152,0.89904,1.7171214176554426,1.05592,7.73179,158.786,0.87021,1.45872,0.94931,1.81306,0.63276,4.6339,95.15,0.5214906288134002,0.5992760745020016,0.87416,0.56885,1.08648,4167.68,4051.47,6815.63,1986.07,83.296
1698346860,0.63276,0.63293,0.63276,0.63291,130,156.35,130,7.32382,150.379,0.8239947264337508,1.38126,0.89894,1.7166792556478747,1.05607,7.73281,158.814,0.87022,1.45865,0.94933,1.81286,0.63291,4.63488,95.178,0.5215395848544905,0.5993299491168873,0.87418,0.56892,1.08647,4170.92,4054.48,6818.12,1986.24,83.305
1698346920,0.63291,0.63297,0.63287,0.63294,180,155.7,180,7.32378,150.37,0.8240015161627898,1.38132,0.89894,1.7165908505707663,1.05616,7.73337,158.816,0.87028,1.4588,0.9494,1.81286,0.63294,4.63509,95.177,0.5215722273220396,0.599319173418996,0.87427,0.56896,1.08644,4170.68,4053.49,6818.13,1986.31,83.299
1698346980,0.63294,0.63298,0.63287,0.63292,157,156.05,-157,7.32375,150.355,0.8239947264337508,1.38135,0.89891,1.7166497862771017,1.05622,7.73383,158.81,0.87032,1.45894,0.94943,1.81309,0.63292,4.63484,95.162,0.5215586257973328,0.5992545273679543,0.87424,0.56889,1.08647,4168.93,4052.49,6816.63,1986.43,83.339
1698347040,0.63292,0.63301,0.63291,0.63299,151,157.4,151,7.32367,150.352,0.823987936816605,1.38134,0.89889,1.7163846074628402,1.05629,7.73417,158.817,0.87035,1.45902,0.94947,1.8129,0.63299,4.63533,95.171,0.5215994324998174,0.599294031630739,0.87433,0.56897,1.08641,4170.17,4053.49,6818.14,1986.48,83.316
1698347100,0.63299,0.63302,0.63291,0.63291,146,155.9,-146,7.32375,150.345,0.823987936816605,1.38139,0.89891,1.7166497862771017,1.05622,7.73379,158.8,0.8703,1.45899,0.94943,1.81307,0.63291,4.63483,95.155,0.521550465223015,0.5992581184493597,0.87427,0.5689,1.08646,4167.91,4051.47,6816.12,1986.58,83.28
1698347160,0.63291,0.63293,0.63282,0.63287,145,154.55,-145,7.32379,150.337,0.8240083060037245,1.38148,0.89894,1.7167971432495537,1.05613,7.73326,158.775,0.87026,1.45898,0.94938,1.81309,0.63287,4.63453,95.144,0.5215151056850362,0.5992581184493597,0.87428,0.56889,1.08647,4166.18,4050.49,6815.64,1986.47,83.265
1698347220,0.63287,0.63292,0.63279,0.63281,107,151.35,-107,7.32396,150.338,0.8241101670471308,1.38154,0.89903,1.717032967032967,1.05603,7.73254,158.764,0.87028,1.45888,0.94939,1.81312,0.63281,4.63413,95.138,0.5215232651528585,0.5992653007412913,0.87422,0.56889,1.08648,4166.16,4050.51,6815.64,1986.28,83.284
1698347280,0.63281,0.63283,0.63276,0.6328,98,147.4,-98,7.32406,150.334,0.8241441263248117,1.38156,0.89904,1.717032967032967,1.056,7.73223,158.755,0.87026,1.45883,0.94939,1.81301,0.6328,4.63424,95.133,0.5215450249820067,0.5992796658416583,0.87424,0.56891,1.08649,4165.41,4050.49,6814.14,1986.3,83.281
1698347340,0.6328,0.63283,0.63273,0.63278,112,144.3,-112,7.32425,150.333,0.8241373342453787,1.38159,0.89902,1.7172098773912148,1.05598,7.73236,158.747,0.87024,1.45884,0.94932,1.81324,0.63278,4.63408,95.129,0.5215232651528585,0.5992724832053886,0.87422,0.56885,1.08659,4164.93,4051.48,6814.62,1986.04,83.269
1698347400,0.63278,0.63282,0.63265,0.63267,132,141.45,-132,7.3246,150.347,0.8242731971084496,1.38169,0.89915,1.7174753112924004,1.05577,7.73126,158.731,0.87022,1.45865,0.9493,1.81311,0.63267,4.63334,95.118,0.5214987875153191,0.5992617095738051,0.87408,0.56882,1.08655,4161.67,4049.48,6811.63,1985.12,83.284
1698347460,0.63267,0.6327,0.6326,0.63264,126,142.25,-126,7.32471,150.335,0.824334350012365,1.38189,0.89923,1.7177113214353197,1.05572,7.73096,158.711,0.87026,1.45879,0.94932,1.81328,0.63264,4.63327,95.109,0.5215341448404627,0.5992688919518188,0.87418,0.56886,1.08667,4159.54,4048.49,6810.63,1984.08,83.225
1698347520,0.63264,0.63264,0.63248,0.63251,116,140.7,-116,7.32472,150.349,0.8243207596940122,1.3819,0.89923,1.7177113214353197,1.05575,7.7313,158.73,0.87027,1.45886,0.94934,1.81338,0.63251,4.63253,95.097,0.5214036185411127,0.5991324562034175,0.87403,0.56875,1.08641,4160.67,4049.47,6811.62,1984.08,83.191
1698347580,0.63251,0.63256,0.63247,0.63248,158,139.25,-158,7.32471,150.342,0.8243411453395874,1.38204,0.89923,1.7178293508322882,1.05567,7.73079,158.716,0.87026,1.45885,0.94929,1.81341,0.63248,4.63217,95.09,0.5213927442985703,0.599128866627923,0.87406,0.56872,1.08647,4158.42,4047.48,6809.64,1983.7,83.116
1698347640,0.63248,0.63251,0.63242,0.63243,107,137.2,-107,7.32481,150.356,0.8244023083264632,1.38204,0.89928,1.7180359413118922,1.05556,7.73004,158.711,0.87022,1.45876,0.94924,1.81337,0.63243,4.63206,95.092,0.5214117745206922,0.599168354324198,0.87404,0.56873,1.08649,4157.93,4048.48,6809.64,1982.83,83.106
1698347700,0.63243,0.63248,0.63237,0.63248,153,136.65,153,7.32523,150.357,0.82443629168556,1.38199,0.89926,1.7179473964507206,1.05554,7.73044,158.709,0.87023,1.4587,0.94921,1.81334,0.63248,4.63254,95.096,0.5214743121753822,0.5992222095719756,0.87405,0.56874,1.08653,4158.91,4048.49,6809.12,1983.3,83.101
1698347760,0.63248,0.63251,0.63238,0.63242,160,136.15,-160,7.32508,150.356,0.8244023083264632,1.38205,0.89922,1.7180064253440308,1.05563,7.73102,158.721,0.87026,1.4589,0.94925,1.81353,0.63242,4.63182,95.087,0.5214090558324816,0.5991145087560585,0.874,0.56866,1.08645,4157.91,4047.53,6809.13,1983.79,83.146
1698347820,0.63242,0.63247,0.63239,0.63247,111,134.4,111,7.32507,150.358,0.824347940778844,1.3821,0.89913,1.7178588607160037,1.05569,7.73134,158.734,0.87026,1.45901,0.94919,1.81346,0.63247,4.63219,95.097,0.5214117745206922,0.5991252770954406,0.87409,0.56864,1.08644,4160.43,4048.47,6811.63,1984.02,83.179
1698347880,0.63247,0.63249,0.63242,0.63249,107,134.85,107,7.32512,150.357,0.8244023083264632,1.38196,0.89919,1.7180359413118922,1.05567,7.73127,158.73,0.87028,1.45886,0.94923,1.81361,0.63249,4.63252,95.099,0.5214525582462508,0.5991396354834457,0.87402,0.56871,1.08659,4159.18,4048.48,6810.13,1983.36,83.166
1698347940,0.63249,0.63257,0.63245,0.63246,116,132.1,-116,7.32448,150.359,0.824347940778844,1.38205,0.89925,1.7178588607160037,1.05565,7.73044,158.729,0.87023,1.45891,0.94928,1.81344,0.63246,4.6319,95.098,0.5213927442985703,0.5991252770954406,0.87403,0.56871,1.0865,4158.17,4047.48,6809.12,1983.17,83.095
1698348000,0.63246,0.63254,0.63246,0.63251,90,130.1,90,7.32441,150.354,0.8242731971084496,1.38193,0.8992,1.7177113214353197,1.05577,7.73118,158.743,0.87022,1.45895,0.94933,1.81344,0.63251,4.63208,95.104,0.5213628424702171,0.5991109193956169,0.87401,0.56872,1.08648,4159.41,4048.47,6810.12,1983.38,83.131
1698348060,0.63251,0.63251,0.63235,0.63236,123,129.75,-123,7.3247,150.359,0.8243955119908328,1.38209,0.89936,1.7182425814876543,1.05558,7.73003,158.718,0.87022,1.45882,0.94934,1.81368,0.63236,4.63115,95.083,0.5213275083673065,0.5990750281565264,0.87392,0.56868,1.08653,4155.93,4046.48,6807.13,1983.39,83.119
1698348120,0.63236,0.63245,0.63236,0.63245,64,123.95,64,7.3245,150.355,0.8242460209523338,1.38194,0.89925,1.7179769103903242,1.05573,7.7311,158.738,0.87019,1.4589,0.94936,1.81366,0.63245,4.63177,95.091,0.5213166372991628,0.5990606728649477,0.87395,0.56871,1.08651,4156.42,4047.49,6808.62,1983.76,83.124
1698348180,0.63245,0.63246,0.6324,0.63241,97,120.95,-97,7.32457,150.361,0.8242596088063897,1.38199,0.89926,1.7180654582939612,1.05571,7.73098,158.739,0.87018,1.45894,0.94935,1.81373,0.63241,4.63152,95.09,0.521289461612244,0.5990391412174871,0.87393,0.56866,1.08652,4156.91,4047.48,6809.12,1983.36,83.099
1698348240,0.63241,0.63242,0.63234,0.63239,124,119.6,-124,7.32429,150.378,0.8243275547971742,1.38195,0.8993,1.7180654582939612,1.05564,7.7302,158.745,0.87019,1.45882,0.94932,1.81361,0.63239,4.63118,95.099,0.521294896522963,0.5990606728649477,0.87388,0.56868,1.08648,4157.43,4046.53,6809.14,1983.38,83.106
1698348300,0.63239,0.63239,0.63225,0.63225,115,118.05,-115,7.325,150.409,0.8244226980057215,1.38207,0.8994,1.7185083347654238,1.05552,7.73002,158.763,0.87019,1.45876,0.94931,1.81385,0.63225,4.63047,95.099,0.5212487033938503,0.5990068466482572,0.87376,0.56861,1.08651,4156.91,4047.49,6808.64,1982.91,83.161
1698348360,0.63225,0.63227,0.63214,0.63215,164,119,-164,7.32526,150.411,0.8244838730954422,1.38216,0.89946,1.7187150885997629,1.05543,7.72963,158.752,0.87019,1.45871,0.94931,1.81379,0.63215,4.63006,95.085,0.521226968283339,0.598970967877187,0.87369,0.56858,1.08651,4155.43,4045.48,6806.62,1982.6,83.184
1698348420,0.63215,0.63218,0.63213,0.63215,93,118.3,0,7.32521,150.406,0.8244770754149181,1.38225,0.89947,1.7186560109993985,1.05543,7.72969,158.745,0.87019,1.45882,0.94931,1.81382,0.63215,4.6298,95.078,0.5212052349853802,0.5989566175721892,0.87373,0.56856,1.08645,4155.91,4046.47,6808.13,1982.54,83.219
1698348480,0.63215,0.63224,0.63214,0.63214,168,121.8,-168,7.32516,150.406,0.8244770754149181,1.38221,0.89943,1.7186560109993985,1.05546,7.72964,158.748,0.8702,1.4588,0.94932,1.81382,0.63214,4.62978,95.078,0.5212025184505692,0.5989422679547918,0.8737,0.56853,1.08644,4155.43,4045.49,6807.13,1982.67,83.239
1698348540,0.63214,0.63215,0.63209,0.6321,82,120.3,-82,7.32463,150.405,0.824538258575198,1.38237,0.89947,1.7187446289230346,1.05543,7.72873,158.743,0.87022,1.45889,0.94933,1.81388,0.6321,4.62921,95.072,0.5212079515485089,0.5989315061929518,0.87374,0.56854,1.08643,4153.67,4045.49,6806.14,1982.46,83.229
1698348600,0.6321,0.63211,0.63203,0.63207,138,120.6,-138,7.32439,150.406,0.824606250515379,1.38242,0.89951,1.7187150885997629,1.05537,7.72821,158.734,0.87027,1.45892,0.94931,1.81376,0.63207,4.62894,95.067,0.5212242515219748,0.5989207448178383,0.87375,0.56855,1.08627,4151.91,4043.47,6805.14,1982.68,83.246
1698348660,0.63207,0.63209,0.63202,0.63208,66,117.6,66,7.32455,150.393,0.8246198502490352,1.38223,0.89967,1.7185969374602574,1.05534,7.72814,158.717,0.87026,1.45865,0.94947,1.81364,0.63208,4.62922,95.059,0.5212514204101206,0.5989566175721892,0.87365,0.56864,1.08626,4154.05,4044.48,6806.14,1982.9,83.235
1698348720,0.63208,0.6321,0.63199,0.63202,80,115.8,-80,7.32464,150.395,0.8246878556466377,1.38228,0.89968,1.718567402213515,1.05529,7.72781,158.712,0.87027,1.45863,0.94943,1.81347,0.63202,4.62885,95.053,0.521254137454716,0.5989458552946814,0.87362,0.5686,1.08611,4152.68,4044.49,6805.13,1982.87,83.239
1698348780,0.63202,0.63207,0.63199,0.63202,75,111.65,0,7.32464,150.404,0.8247490700954234,1.38226,0.89971,1.7186560109993985,1.05523,7.7274,158.715,0.87029,1.45853,0.94944,1.8135,0.63202,4.62881,95.059,0.521289461612244,0.5989745555608799,0.87359,0.56862,1.08618,4153.17,4044.47,6805.64,1982.32,83.275
1698348840,0.63202,0.63202,0.63192,0.63195,73,109.95,-73,7.3248,150.404,0.8248102936324646,1.38238,0.89973,1.7188923457723841,1.05517,7.72725,158.702,0.87031,1.45856,0.94939,1.81362,0.63195,4.62846,95.047,0.5212650059163578,0.5989243318999078,0.87356,0.56858,1.08619,4151.16,4043.47,6804.13,1982.52,83.275
1698348900,0.63195,0.63195,0.63179,0.63181,131,108.85,-131,7.32516,150.404,0.8248919391559706,1.38256,0.8998,1.719158300096273,1.05513,7.72721,158.694,0.87037,1.45869,0.9494,1.81382,0.63181,4.6277,95.027,0.5211998019440752,0.5988274957632955,0.8735,0.56849,1.08615,4147.91,4041.49,6801.63,1982.45,83.261
1698348960,0.63181,0.63184,0.63177,0.63177,95,105.6,-95,7.32514,150.401,0.8249191579225236,1.38262,0.89979,1.7191878556569875,1.05508,7.72693,158.688,0.87037,1.45873,0.94938,1.81372,0.63177,4.62745,95.019,0.5211889362012623,0.5988095665816358,0.87349,0.56845,1.08604,4146.18,4040.48,6800.14,1982.3,83.244
1698349020,0.63177,0.63177,0.6317,0.63171,75,103.8,-75,7.32515,150.402,0.8249667950864978,1.38273,0.89989,1.719306088062858,1.05498,7.72617,158.673,0.87033,1.45868,0.94939,1.81364,0.63171,4.62687,95.009,0.5211590577444236,0.5988131523320779,0.87344,0.56845,1.08598,4146.17,4039.47,6799.12,1982.52,83.28
1698349080,0.63171,0.63174,0.63168,0.63173,177,107.3,177,7.32517,150.393,0.8250144377526607,1.38279,0.89987,1.7192765284368339,1.05495,7.7258,158.655,0.87035,1.45869,0.94934,1.81359,0.63173,4.62697,95.006,0.5212079515485089,0.5988597709960236,0.8735,0.56846,1.08603,4144.43,4038.47,6796.14,1982.47,83.291
1698349140,0.63173,0.63174,0.63159,0.63168,167,109.85,-167,7.32512,150.383,0.8250212442970407,1.38279,0.89991,1.71939477303989,1.05498,7.7262,158.653,0.87038,1.45875,0.94938,1.81381,0.63168,4.62655,94.992,0.5211835034997473,0.598773711438973,0.87343,0.56844,1.08601,4143.43,4037.51,6796.13,1982.38,83.294
1698349200,0.63168,0.63168,0.63147,0.63154,179,114.3,-179,7.32501,150.381,0.8250825082508251,1.38303,0.9,1.7196904557179706,1.05494,7.7258,158.643,0.87041,1.45895,0.94942,1.81405,0.63154,4.62547,94.97,0.5210965956759405,0.5986697558026066,0.87339,0.5683499999999999,1.08596,4140.68,4036.48,6793.12,1982.69,83.296
1698349260,0.63154,0.63155,0.63145,0.63153,74,111.85,-74,7.32477,150.368,0.8250212442970407,1.38302,0.89989,1.7196608828738973,1.05499,7.72586,158.638,0.87039,1.45899,0.94938,1.81415,0.63153,4.62542,94.963,0.5210694429246586,0.5986446684705826,0.87338,0.5682999999999999,1.08592,4138.92,4036.48,6794.14,1983.07,83.291
1698349320,0.63153,0.63159,0.63152,0.63155,99,113.6,99,7.32479,150.37,0.8250144377526607,1.38299,0.89998,1.7196313110469115,1.055,7.7259,158.639,0.87039,1.459,0.94947,1.81419,0.63155,4.62549,94.966,0.5210721580724499,0.5986554199268443,0.8734,0.5683699999999999,1.0859699999999999,4140.41,4036.49,6795.62,1983.2,83.294
1698349380,0.63155,0.63155,0.63147,0.63153,125,115,-125,7.32448,150.369,0.8250076313205897,1.38294,0.9,1.7196313110469115,1.05504,7.72588,158.643,0.8704,1.45896,0.9495,1.81422,0.63153,4.62513,94.965,0.5210341485780978,0.5986195832410461,0.8733000000000001,0.56836,1.08595,4139.92,4036.48,6795.62,1983.15,83.28
1698349440,0.63153,0.63156,0.63148,0.63149,101,113.85,-101,7.3246,150.368,0.8250348577227388,1.3832,0.89999,1.719897494109351,1.05495,7.72539,158.632,0.87037,1.45915,0.94945,1.81437,0.63149,4.62479,94.955,0.5210097168312189,0.5986016665070395,0.87344,0.56831,1.08611,4137.67,4036.49,6795.13,1983.11,83.226
1698349500,0.63148,0.63151,0.63139,0.63142,157,115.95,-157,7.32461,150.369,0.8250825082508251,1.38321,0.89996,1.7199270750920164,1.05499,7.7256,158.638,0.87045,1.45919,0.94946,1.8145,0.63142,4.62437,94.945,0.5209961446285297,0.5985264279344255,0.87337,0.56824,1.08604,4136.17,4034.48,6793.64,1983.05,83.251
1698349560,0.63142,0.63152,0.63141,0.63151,115,113.5,115,7.3246,150.371,0.8250008250008249,1.38304,0.89992,1.719897494109351,1.05502,7.72583,158.643,0.8704,1.45905,0.94942,1.81446,0.63151,4.62498,94.959,0.5210151459102916,0.5985980832889374,0.87337,0.5683,1.08614,4138.17,4036.48,6796.62,1983.14,83.269
1698349620,0.63151,0.63153,0.63148,0.63153,68,112.25,68,7.32461,150.368,0.8250144377526607,1.38308,0.89991,1.719808757266192,1.05504,7.72591,158.646,0.87041,1.45912,0.94942,1.81442,0.63153,4.62521,94.964,0.5210314338264027,0.5986016665070395,0.87341,0.56829,1.08613,4135.92,4035.49,6796.14,1984.02,83.284
1698349680,0.63153,0.63167,0.63149,0.63167,141,110.9,141,7.32459,150.357,0.8248239000973292,1.38297,0.89974,1.7195130339087972,1.0553,7.7279,158.672,0.87043,1.45936,0.9495,1.81455,0.63167,4.62607,94.974,0.5210504376823677,0.5985980832889374,0.87354,0.56834,1.08611,4138.67,4036.47,6798.14,1983.73,83.304
1698349740,0.63167,0.63173,0.6316,0.63162,186,116.1,-186,7.32459,150.349,0.8247558722618105,1.38293,0.89968,1.7196017402369612,1.05541,7.72873,158.681,0.87045,1.4595,0.94951,1.81482,0.63162,4.62577,94.963,0.5209907159454419,0.5984941886214284,0.87344,0.56822,1.08608,4138.66,4036.49,6799.13,1983.9,83.285
1698349800,0.63162,0.63173,0.6316,0.63173,136,116,136,7.32515,150.344,0.8246266502840839,1.38273,0.8996,1.719158300096273,1.05556,7.73048,158.699,0.87043,1.4595,0.94959,1.81467,0.63173,4.62709,94.978,0.5209934302728443,0.5985085167761938,0.8735,0.56829,1.08606,4141.41,4038.47,6802.62,1983.84,83.336
1698349860,0.63173,0.63178,0.63173,0.63175,121,118.75,121,7.3251,150.372,0.8246878556466377,1.38274,0.89959,1.719158300096273,1.05555,7.73032,158.728,0.8705,1.45951,0.94958,1.81464,0.63175,4.62719,94.999,0.5210694429246586,0.5985300102947162,0.87355,0.5683,1.08604,4141.04,4037.47,6802.14,1983.8,83.34
1698349920,0.63175,0.63189,0.63175,0.63188,92,119.35,92,7.3248,150.372,0.824551856066228,1.38263,0.89947,1.7188628003712745,1.05572,7.73119,158.751,0.87048,1.45961,0.94958,1.81462,0.63188,4.62798,95.018,0.521064012713962,0.5985658362563299,0.87366,0.56835,1.086,4143.92,4040.48,6803.13,1983.94,83.346
1698349980,0.63188,0.63191,0.63181,0.63182,103,120.75,-103,7.32494,150.371,0.8246130503261344,1.38273,0.89945,1.7190400880148524,1.05572,7.73124,158.75,0.87055,1.45973,0.94959,1.81484,0.63182,4.62743,95.006,0.5210612976510557,0.5985085167761938,0.87363,0.56828,1.08604,4141.92,4039.49,6803.12,1984.25,83.371
1698350040,0.63182,0.63183,0.63172,0.63175,119,123.05,-119,7.3249,150.371,0.8246402506906362,1.38284,0.89945,1.719158300096273,1.05579,7.73161,158.761,0.87061,1.45994,0.94961,1.81504,0.63175,4.62693,94.996,0.5209907159454419,0.5984010723347216,0.87357,0.56821,1.08604,4138.17,4037.47,6800.63,1984.51,83.369
1698350100,0.63175,0.63179,0.63168,0.63178,189,125.95,189,7.32481,150.381,0.8248034905683721,1.38274,0.89951,1.7192469698272157,1.05561,7.73044,158.743,0.87066,1.45959,0.94952,1.81486,0.63178,4.62719,95.007,0.521123751257211,0.5985264279344255,0.87355,0.56827,1.08615,4140.18,4037.48,6802.64,1984.53,83.44
1698350160,0.63178,0.63184,0.63173,0.63184,108,126.6,108,7.32477,150.379,0.8248511143738555,1.38276,0.89945,1.7191287455517543,1.05562,7.73046,158.745,0.87072,1.4596,0.94947,1.81474,0.63184,4.62766,95.017,0.5212188180842081,0.5985837508454995,0.87366,0.5683,1.08616,4138.68,4038.47,6801.62,1984.47,83.434
1698350220,0.63184,0.63187,0.63178,0.6318,136,129.65,-136,7.32494,150.394,0.824857918223586,1.38287,0.89942,1.7190991920233798,1.05574,7.73136,158.778,0.8708,1.45987,0.94952,1.81475,0.6318,4.62732,95.018,0.5211835034997473,0.5984691160012687,0.87366,0.56822,1.08601,4139.67,4038.47,6802.62,1984.54,83.441
1698350280,0.6318,0.63186,0.6318,0.63182,113,126.45,113,7.32449,150.384,0.8248783304462592,1.3829,0.89936,1.7189514396218306,1.0557,7.73065,158.763,0.87081,1.45987,0.94945,1.81457,0.63182,4.62721,95.017,0.5212296850730243,0.5985228456170172,0.87372,0.56822,1.086,4139.42,4037.47,6800.12,1984.56,83.43
1698350340,0.63182,0.63184,0.6317,0.63174,145,125.35,-145,7.3245,150.397,0.8249804067153405,1.38303,0.89943,1.7190400880148524,1.05565,7.73033,158.767,0.87087,1.45993,0.94949,1.81462,0.63174,4.62658,95.013,0.5212079515485089,0.5984655343698756,0.87366,0.56818,1.08594,4137.42,4035.01,6798.93,1984.3,83.465
1698350400,0.63174,0.63174,0.63166,0.63167,200,126.4,-200,7.32451,150.435,0.8250961236984108,1.38322,0.89937,1.7192174122339512,1.05555,7.72975,158.79,0.8709,1.46,0.94935,1.81461,0.63167,4.62616,95.025,0.5212351187373601,0.5984691160012687,0.87372,0.56809,1.08591,4137.62,4035.01,6798.93,1984.33,83.464
1698350460,0.63167,0.63182,0.6316,0.63169,573,151.35,573,7.32449,150.437,0.8251710166932097,1.38327,0.8995,1.719306088062858,1.05555,7.72961,158.793,0.87102,1.46005,0.94946,1.8147,0.63169,4.6263,95.027,0.5212921790534377,0.5984798611526722,0.87377,0.56819,1.08602,4135.36,4035.01,6798.93,1984.13,83.446
1698350520,0.63169,0.63181,0.63167,0.6318,269,159.85,269,7.32448,150.411,0.8251642076773278,1.38317,0.89941,1.7190991920233798,1.05567,7.73057,158.783,0.87107,1.46014,0.94949,1.81478,0.6318,4.62704,95.033,0.5213764337851929,0.5985120989220798,0.87385,0.56821,1.08612,4140.87,4035.01,6798.93,1983.94,83.445
1698350580,0.6318,0.63184,0.63179,0.63183,129,160.05,129,7.32443,150.389,0.8250212442970407,1.3831,0.89925,1.7188923457723841,1.0558,7.73149,158.783,0.87102,1.46023,0.94945,1.81473,0.63183,4.62729,95.023,0.5213030491015342,0.5984655343698756,0.87386,0.56813,1.08603,4141.61,4035.01,6798.93,1984.11,83.446
1698350640,0.63183,0.63184,0.63178,0.63179,116,160.8,-116,7.32445,150.39,0.8249804067153405,1.38292,0.89925,1.7186560109993985,1.05572,7.73083,158.769,0.87089,1.45992,0.94936,1.81439,0.63179,4.62703,95.014,0.5212378356120114,0.5984834429555507,0.8737,0.56811,1.08581,4142.24,4035.01,6798.93,1984.42,83.464
1698350700,0.63179,0.6319,0.63179,0.6319,275,166.7,275,7.32425,150.388,0.8249055483147181,1.3829,0.89917,1.7184788025639703,1.05582,7.73137,158.784,0.87092,1.46002,0.94936,1.81441,0.6319,4.62763,95.031,0.521289461612244,0.5985335926978902,0.87383,0.56818,1.0859,4143.62,4035.01,6798.93,1984.72,83.471
1698350760,0.6319,0.63191,0.63189,0.63189,39,162.9,-39,7.32423,150.377,0.8248919391559706,1.38292,0.89913,1.7184788025639703,1.05581,7.73123,158.771,0.8709,1.46001,0.94931,1.81441,0.63189,4.62761,95.025,0.5212378356120114,0.5985013526130569,0.87379,0.56813,1.08591,4140.38,4035.01,6798.93,1984.77,83.51
1698350820,0.63189,0.63192,0.63188,0.63191,67,162.85,67,7.32423,150.379,0.824857918223586,1.38282,0.89909,1.718449271377509,1.0558,7.7313,158.771,0.87084,1.45992,0.94925,1.81433,0.63191,4.62776,95.025,0.5212296850730243,0.5985264279344255,0.87376,0.56811,1.08589,4141.11,4035.01,6798.93,1985.27,83.526
1698350880,0.63191,0.63195,0.63191,0.63194,64,159,64,7.32422,150.382,0.824857918223586,1.38277,0.89908,1.7182425814876543,1.05581,7.73126,158.778,0.87085,1.45987,0.94925,1.81415,0.63194,4.62798,95.036,0.521254137454716,0.5985479227394341,0.87377,0.56815,1.08583,4143.11,4035.01,6798.93,1985.25,83.536
1698350940,0.63194,0.63198,0.63194,0.63198,94,154.4,94,7.32422,150.379,0.824857918223586,1.38267,0.89907,1.718213058419244,1.0558,7.73136,158.774,0.87085,1.45978,0.94923,1.81415,0.63198,4.62806,95.037,0.521294896522963,0.5985801678418791,0.87376,0.56813,1.08587,4144.74,4035.01,6798.93,1985.34,83.595
1698351000,0.63198,0.63199,0.63193,0.63193,85,151.85,-85,7.32421,150.387,0.8248511143738555,1.38269,0.89905,1.7182721055706383,1.05575,7.73073,158.769,0.87079,1.45968,0.94917,1.81398,0.63193,4.62791,95.032,0.521254137454716,0.5985909169814257,0.87371,0.56811,1.08583,4146.36,4035.01,6798.93,1985.24,83.614
1698351060,0.63193,0.63194,0.63193,0.63194,36,147.6,36,7.32427,150.387,0.8248375070111189,1.3827,0.89908,1.7182425814876543,1.05572,7.73061,158.764,0.87075,1.45966,0.94916,1.81398,0.63194,4.62805,95.034,0.5212731575600246,0.5986088330719408,0.87375,0.56815,1.08583,4147.63,4035.01,6798.93,1984.98,83.546
1698351120,0.63194,0.63203,0.63194,0.63196,56,145.8,56,7.32422,150.39,0.8248443106363673,1.38277,0.89901,1.7181244953009296,1.05572,7.73062,158.774,0.87075,1.45975,0.94911,1.81384,0.63196,4.62822,95.041,0.521294896522963,0.598626750234961,0.87384,0.56815,1.08578,4146.37,4035.01,6798.93,1984.77,83.546
1698351180,0.63196,0.632,0.63196,0.63199,29,142.1,29,7.32427,150.395,0.8248511143738555,1.38269,0.89904,1.7181835363653544,1.05571,7.73045,158.777,0.87075,1.45964,0.94915,1.8139,0.63199,4.62826,95.044,0.5213247905577654,0.5986482522464276,0.87383,0.56817,1.08586,4147.88,4035.01,6798.93,1985.03,83.531
1698351240,0.63199,0.63199,0.63197,0.63198,5,136.4,-5,7.32346,150.393,0.8248375070111189,1.38272,0.89901,1.718213058419244,1.05572,7.7298,158.776,0.87074,1.45968,0.94912,1.81392,0.63198,4.62782,95.044,0.5213084842955819,0.5986375010476156,0.87384,0.56814,1.08587,4146.62,4035.01,6798.93,1985.02,83.52
1698351300,0.63198,0.63198,0.63191,0.63193,42,129.05,-42,7.3235,150.395,0.8247762794342035,1.38274,0.89889,1.718213058419244,1.05575,7.73006,158.78,0.87073,1.45977,0.94902,1.81399,0.63193,4.62755,95.039,0.5212215347889314,0.5985873338920148,0.87379,0.56804,1.0858,4145.87,4035.01,6798.93,1985.13,83.514
1698351360,0.63193,0.63195,0.63193,0.63194,15,124.4,15,7.32345,150.385,0.8247762794342035,1.38272,0.89884,1.7181244953009296,1.0558,7.7304,158.777,0.87078,1.45982,0.94899,1.814,0.63194,4.62754,95.035,0.5212351187373601,0.5985622534671718,0.87378,0.568,1.08577,4145.37,4035.01,6798.93,1985.18,83.555
1698351420,0.63194,0.63197,0.63194,0.63194,59,120.55,0,7.32335,150.38,0.8247422680412372,1.38288,0.89875,1.7181244953009296,1.05584,7.73052,158.778,0.87078,1.46002,0.94892,1.81405,0.63194,4.62753,95.031,0.5212133847597207,0.5985515053570359,0.87388,0.56796,1.08576,4143.63,4035.01,6798.93,1985.11,83.556
1698351480,0.63194,0.632,0.63192,0.632,46,117.2,46,7.32333,150.382,0.8247422680412372,1.38285,0.89869,1.7181244953009296,1.05586,7.73068,158.782,0.87078,1.46003,0.9489,1.81406,0.632,4.62792,95.042,0.5212432694462833,0.5985801678418791,0.87392,0.56796,1.08583,4144.61,4035.01,6798.93,1985.03,83.606
1698351540,0.632,0.63205,0.63198,0.63203,42,112.05,42,7.32335,150.382,0.8247490700954234,1.3828,0.89869,1.7180654582939612,1.05587,7.7308,158.785,0.8708,1.46,0.94891,1.81404,0.63203,4.62814,95.047,0.5212813094586494,0.5986088330719408,0.87395,0.56799,1.08586,4144.25,4035.01,6798.93,1985.07,83.599
1698351600,0.63203,0.63205,0.632,0.63201,14,102.75,-14,7.32311,150.387,0.8247354660992486,1.38283,0.89877,1.7180359413118922,1.05592,7.73086,158.798,0.8708,1.46007,0.94903,1.81411,0.63201,4.62773,95.046,0.521254137454716,0.5985622534671718,0.87392,0.568,1.08582,4144.88,4035.01,6798.93,1985.04,83.601
1698351660,0.63201,0.63215,0.632,0.63215,49,76.55,49,7.3231,150.4,0.8247354660992486,1.38276,0.89876,1.7178883716136124,1.05596,7.73122,158.817,0.87084,1.46007,0.94905,1.81391,0.63215,4.62869,95.075,0.5213628424702171,0.5986482522464276,0.87406,0.56811,1.08584,4144.36,4035.01,6798.93,1984.72,83.601
1698351720,0.63215,0.63222,0.6321,0.63222,62,66.2,62,7.32307,150.393,0.8246606521416437,1.38264,0.89877,1.7177113214353197,1.05599,7.73138,158.814,0.8708,1.45999,0.94906,1.81381,0.63222,4.62912,95.08,0.5213873073473899,0.5987163521410097,0.87409,0.56818,1.08591,4143.37,4035.01,6798.93,1984.78,83.586
1698351780,0.63222,0.63225,0.63217,0.63225,37,61.6,37,7.32308,150.371,0.8246130503261344,1.38265,0.89872,1.7176523128188392,1.0561,7.73216,158.808,0.87082,1.46014,0.94914,1.81399,0.63225,4.62955,95.071,0.5213791521332228,0.5986733398788285,0.87415,0.5682,1.08596,4144.37,4035.01,6798.93,1985.14,83.596
1698351840,0.63225,0.63245,0.63225,0.63245,63,58.95,63,7.32303,150.355,0.8245314599978563,1.38255,0.89869,1.7175048090134653,1.05621,7.73285,158.806,0.87084,1.46025,0.94918,1.81396,0.63245,4.63091,95.092,0.5214824703667587,0.5988167381254641,0.87436,0.56835,1.08618,4144.37,4035.01,6798.93,1985.42,83.591
1698351900,0.63245,0.63256,0.63245,0.63251,65,48.45,65,7.32303,150.359,0.8245790523937531,1.3826,0.8987,1.7174163188898621,1.05621,7.73288,158.813,0.87088,1.46022,0.94918,1.81391,0.63251,4.6313,95.101,0.5215613460455218,0.598863357347754,0.87444,0.56842,1.08626,4145.11,4035.01,6798.93,1985.25,83.58
1698351960,0.63251,0.63251,0.63247,0.63251,61,49.55,0,7.32312,150.373,0.8245926512302922,1.38257,0.89875,1.7174753112924004,1.0562,7.73279,158.821,0.87089,1.4602,0.94928,1.81397,0.63251,4.63127,95.114,0.5215776681305613,0.5988705301800804,0.87445,0.56844,1.0863,4145.62,4035.01,6798.93,1985.42,83.576
1698352020,0.63251,0.63251,0.63249,0.63251,32,47.8,0,7.3232,150.373,0.8245994508167658,1.38268,0.89877,1.7175048090134653,1.05608,7.7319,158.807,0.87079,1.46015,0.94915,1.81379,0.63251,4.63135,95.113,0.5215749477121114,0.5989458552946814,0.8745,0.56846,1.08632,4145.37,4035.01,6798.93,1985.26,83.589
1698352080,0.63251,0.63251,0.6325,0.6325,60,47.6,-60,7.3233,150.384,0.824538258575198,1.38268,0.89896,1.7175343077477971,1.05607,7.7319,158.817,0.87072,1.4601,0.94937,1.81379,0.6325,4.63136,95.117,0.5215314248760059,0.5989530301033793,0.87449,0.56856,1.08632,4145.38,4035.01,6798.93,1985.26,83.581
1698352140,0.6325,0.63254,0.63249,0.63251,65,46.15,65,7.32321,150.393,0.8244906708880589,1.3828,0.89902,1.7175048090134653,1.05615,7.7324,158.841,0.87075,1.46038,0.9495,1.81388,0.63251,4.63138,95.126,0.5215096661816626,0.5989028100519848,0.8746,0.56861,1.08632,4145.87,4035.01,6798.93,1985.37,83.586
1698352200,0.63251,0.63252,0.63245,0.63246,36,43.7,-36,7.32335,150.396,0.8246130503261344,1.38277,0.89912,1.7175343077477971,1.05601,7.73154,158.819,0.87076,1.4603,0.94948,1.81368,0.63246,4.63085,95.119,0.5215395848544905,0.5989243318999078,0.87454,0.56859,1.08622,4145.73,4035.01,6798.93,1985.32,83.604
1698352260,0.63246,0.63246,0.63242,0.63243,31,43.45,-31,7.32331,150.407,0.8246266502840839,1.38278,0.89915,1.7175343077477971,1.05593,7.73099,158.819,0.87073,1.46025,0.94945,1.81356,0.63243,4.63087,95.121,0.5215341448404627,0.5989530301033793,0.87454,0.56862,1.0862,4145.61,4035.01,6798.93,1985.28,83.595
1698352320,0.63243,0.63245,0.63235,0.63236,25,41.9,-25,7.32338,150.407,0.8246130503261344,1.38287,0.8992,1.7177408272639825,1.05592,7.73107,158.818,0.87069,1.46011,0.94948,1.81372,0.63236,4.63042,95.111,0.5214715928349803,0.5988848763602173,0.87452,0.5685899999999999,1.08618,4145.36,4035.01,6798.93,1985.17,83.594
1698352380,0.63236,0.63237,0.63231,0.63231,29,41.9,-29,7.32345,150.407,0.8246266502840839,1.38289,0.89924,1.7177408272639825,1.05591,7.73114,158.818,0.87068,1.46028,0.9495,1.81366,0.63231,4.63011,95.104,0.5214199307554332,0.598838253787652,0.87446,0.5685899999999999,1.08606,4144.36,4035.01,6798.93,1985.18,83.595
1698352440,0.63231,0.63231,0.63222,0.63222,28,43.05,-28,7.32333,150.406,0.8246198502490352,1.38301,0.89928,1.7177408272639825,1.0559,7.73101,158.811,0.87068,1.46023,0.94951,1.81365,0.63222,4.62944,95.091,0.5213546880213547,0.5987701261608656,0.87433,0.56851,1.08593,4142.63,4035.01,6798.93,1985.12,83.595
1698352500,0.63222,0.63222,0.63218,0.6322,29,42.4,-29,7.32343,150.406,0.8246130503261344,1.38302,0.89932,1.7178588607160037,1.05587,7.73072,158.806,0.87065,1.46024,0.94952,1.81373,0.6322,4.62919,95.087,0.5213329440714018,0.5987665409256931,0.8743000000000001,0.56851,1.08595,4142.37,4035.01,6798.93,1984.98,83.606
1698352560,0.6322,0.63223,0.63218,0.63223,29,43.1,29,7.32336,150.406,0.824606250515379,1.38296,0.89931,1.7178293508322882,1.05592,7.73104,158.816,0.87066,1.46023,0.94961,1.81377,0.63223,4.62943,95.09,0.5213519699284184,0.5987593705841496,0.87429,0.56853,1.08597,4143.62,4035.01,6798.93,1985.04,83.605
1698352620,0.63223,0.63223,0.63219,0.6322,37,42,-37,7.32344,150.406,0.824606250515379,1.38298,0.89933,1.7177998419624145,1.05592,7.73114,158.818,0.87068,1.46026,0.94963,1.81383,0.6322,4.62933,95.084,0.5213383798888507,0.5987342757410833,0.8743000000000001,0.56855,1.08599,4142.48,4035.01,6798.93,1984.97,83.604
1698352680,0.6322,0.6322,0.63219,0.63219,17,40.55,-17,7.32342,150.408,0.824606250515379,1.3829,0.89919,1.7178293508322882,1.05592,7.7312,158.818,0.87068,1.4602,0.94948,1.81389,0.63219,4.6293,95.085,0.5213383798888507,0.5987306909352174,0.8742700000000001,0.56844,1.08601,4142.12,4035.01,6798.93,1985.07,83.605
1698352740,0.63219,0.6322,0.63219,0.63219,15,39.2,0,7.32345,150.416,0.8246130503261344,1.38306,0.89926,1.7179473964507206,1.05588,7.7309,158.821,0.87065,1.46029,0.94951,1.81392,0.63219,4.62933,95.089,0.5213356619659568,0.5987486153938268,0.8743200000000001,0.56848,1.0860699999999999,4141.49,4035.01,6798.93,1984.98,83.595
1698352800,0.63219,0.6322,0.63208,0.63209,73,42.15,-73,7.32354,150.417,0.8246810546021326,1.38317,0.89939,1.7180949762902893,1.05578,7.73023,158.806,0.87066,1.46026,0.94955,1.81392,0.63209,4.62862,95.074,0.5212840268148503,0.5987199367751748,0.87426,0.5684899999999999,1.08599,4140.36,4035.01,6798.93,1985.02,83.604
1698352860,0.63209,0.63214,0.63208,0.63211,78,43.6,78,7.32367,150.406,0.8246674528496384,1.38318,0.89956,1.7180064253440308,1.05586,7.73082,158.809,0.87069,1.4604,0.94981,1.81392,0.63211,4.62886,95.071,0.5213112019351072,0.5986984296140191,0.8743200000000001,0.56861,1.0859699999999999,4139.12,4035.01,6798.93,1984.98,83.59
1698352920,0.63211,0.63212,0.63208,0.63209,79,44.45,-79,7.32367,150.41199999999998,0.8246674528496384,1.38316,0.89958,1.7180949762902893,1.05588,7.73107,158.814,0.87071,1.46038,0.94985,1.81406,0.63209,4.62872,95.073,0.5212921790534377,0.5986625877789019,0.87426,0.56862,1.08599,4137.86,4035.01,6798.93,1984.99,83.599
1698352980,0.63209,0.63209,0.63207,0.63207,23,43.75,-23,7.3238,150.42499999999998,0.8247014580721778,1.38314,0.89966,1.718213058419244,1.05587,7.73104,158.82999999999998,0.87075,1.46037,0.94992,1.81412,0.63207,4.62869,95.077,0.521289461612244,0.5986590038314177,0.8742500000000001,0.5686399999999999,1.08601,4138.87,4035.01,6798.93,1984.69,83.554
1698353040,0.63207,0.6321,0.63207,0.63208,37,42.45,37,7.32369,150.416,0.8246674528496384,1.38311,0.89967,1.7182425814876543,1.05587,7.73088,158.82,0.87073,1.46031,0.94994,1.81409,0.63208,4.62868,95.075,0.5212976140208206,0.5986554199268443,0.8742300000000001,0.56865,1.08603,4139.12,4035.01,6798.93,1984.67,83.584
1698353100,0.63208,0.63208,0.63203,0.63203,33,40.85,-33,7.32362,150.425,0.8246946568033187,1.38313,0.89968,1.7183606839075523,1.05587,7.73063,158.826,0.87075,1.46036,0.94993,1.81427,0.63203,4.62828,95.073,0.521254137454716,0.5986124164187413,0.87416,0.5686,1.08603,4136.48,4035.01,6798.93,1984.75,83.58
1698353160,0.63203,0.63203,0.63199,0.63199,21,38.85,-21,7.32394,150.42,0.8246878556466377,1.38317,0.89953,1.7185083347654238,1.05587,7.73101,158.826,0.8707,1.46039,0.94979,1.81443,0.63199,4.6282,95.066,0.5212188180842081,0.5985873338920148,0.87411,0.56847,1.08606,4137.13,4035.01,6798.93,1984.57,83.585
1698353220,0.63199,0.63203,0.63199,0.63202,24,38.45,24,7.32388,150.412,0.8246266502840839,1.38316,0.89924,1.7184788025639703,1.05591,7.73142,158.823,0.8707,1.46045,0.9495,1.81445,0.63202,4.62847,95.063,0.5212079515485089,0.5985909169814257,0.87416,0.56834,1.08608,4137.88,4035.01,6798.93,1984.42,83.565
1698353280,0.63202,0.63212,0.63202,0.63212,42,37.55,42,7.32406,150.414,0.8246266502840839,1.38313,0.89927,1.7183311567805346,1.05596,7.73191,158.831,0.87071,1.46046,0.94955,1.81438,0.63212,4.62928,95.079,0.521289461612244,0.5986625877789019,0.87425,0.56843,1.08613,4139.63,4035.01,6798.93,1984.66,83.55
1698353340,0.63212,0.63214,0.63211,0.63212,93,38.95,0,7.32409,150.413,0.8246470510621454,1.38322,0.89929,1.7182721055706383,1.05597,7.73199,158.833,0.87074,1.46058,0.94961,1.81442,0.63212,4.62906,95.08,0.5212677231025855,0.5986303337962742,0.87426,0.56842,1.08611,4140.38,4035.01,6798.93,1984.42,83.534
1698353400,0.63212,0.63214,0.6321,0.6321,49,39.6,-49,7.32405,150.404,0.8246198502490352,1.38326,0.89923,1.7183311567805346,1.05597,7.73201,158.82,0.87072,1.46058,0.94956,1.81443,0.6321,4.62901,95.069,0.521256854527637,0.598626750234961,0.87429,0.56838,1.08609,4139.38,4035.01,6798.93,1984.4,83.48
1698353460,0.6321,0.63215,0.6321,0.63214,25,39.3,25,7.32398,150.398,0.8245722531436818,1.38317,0.89917,1.7182425814876543,1.05607,7.7327,158.829,0.87076,1.46063,0.94957,1.81451,0.63214,4.6293,95.074,0.521254137454716,0.5986016665070395,0.87432,0.56837,1.08612,4140.37,4035.01,6798.93,1984.65,83.451
1698353520,0.63214,0.63215,0.63212,0.63213,77,41.9,-77,7.32399,150.386,0.8245722531436818,1.38316,0.89903,1.718213058419244,1.05607,7.73271,158.815,0.87074,1.46064,0.94943,1.81449,0.63213,4.62926,95.061,0.521254137454716,0.5985980832889374,0.87433,0.56828,1.08611,4140.49,4035.01,6798.93,1984.83,83.46
1698353580,0.63213,0.63214,0.63213,0.63214,37,42.3,37,7.32355,150.386,0.8245858517559556,1.38316,0.89903,1.718213058419244,1.0561,7.73236,158.82,0.87082,1.4607,0.94946,1.81457,0.63214,4.62896,95.063,0.5212840268148503,0.5985909169814257,0.87437,0.56832,1.08612,4140.86,4035.01,6798.93,1984.62,83.456
1698353640,0.63214,0.63215,0.63213,0.63213,34,42.6,-34,7.32353,150.39,0.8245926512302922,1.38317,0.89905,1.7182721055706383,1.05611,7.7325,158.826,0.87082,1.46073,0.94947,1.81459,0.63213,4.6289,95.065,0.5212731575600246,0.5985909169814257,0.87435,0.56831,1.08608,4139.86,4035.01,6798.93,1984.45,83.474
1698353700,0.63213,0.63215,0.6321,0.63215,56,43.95,56,7.32344,150.391,0.8245246615326264,1.38318,0.89894,1.718213058419244,1.05631,7.73364,158.856,0.87089,1.46099,0.94951,1.81474,0.63215,4.6276,95.066,0.5212840268148503,0.5984870248013023,0.87437,0.56818,1.08605,4140.12,4035.01,6798.93,1984.57,83.475
1698353760,0.63215,0.6322,0.63213,0.63219,44,44.7,44,7.32334,150.381,0.8244770754149181,1.38312,0.89883,1.7181540153259338,1.05641,7.73444,158.857,0.87093,1.4611,0.94952,1.81497,0.63219,4.62837,95.067,0.5212976140208206,0.5985120989220798,0.87437,0.56818,1.08613,4141.11,4035.01,6798.93,1984.37,83.455
1698353820,0.63219,0.63219,0.63218,0.63219,21,43.9,0,7.32336,150.389,0.824538258575198,1.38312,0.89885,1.718213058419244,1.05636,7.7341,158.853,0.87092,1.46096,0.94952,1.81485,0.63219,4.62784,95.071,0.5213057666843911,0.5985407576328909,0.87443,0.56819,1.08613,4140.98,4035.01,6798.93,1984.68,83.46
1698353880,0.63219,0.63219,0.63212,0.63214,48,45.45,-48,7.32332,150.4,0.8246198502490352,1.38309,0.89883,1.7183016306682475,1.05627,7.7341,158.84,0.87095,1.46075,0.94952,1.81485,0.63214,4.62784,95.07,0.5213057666843911,0.5985264279344255,0.87421,0.5681,1.08515,4140.24,4035.01,6798.93,1984.69,83.466
1698353940,0.63214,0.63214,0.6321,0.63214,52,47.3,0,7.32307,150.363,0.8245722531436818,1.38306,0.89872,1.7181835363653544,1.05621,7.7341,158.813,0.87085,1.46009,0.94937,1.81485,0.63214,4.62784,95.049,0.5213057666843911,0.5985550880175257,0.87428,0.5681,1.08516,4140.96,4035.01,6798.93,1984.83,83.481
1698354000,0.63214,0.63214,0.63195,0.63195,10,44.15,-10,7.32348,150.387,0.8244974687927707,1.38217,0.89815,1.7180654582939612,1.05616,7.7341,158.788,0.86977,1.46009,0.94877,1.81485,0.63195,4.62784,95.049,0.5213057666843911,0.5985550880175257,0.87428,0.5681,1.08516,4140.96,4035.01,6798.93,1984.83,83.481
1698354120,0.63195,0.63195,0.63195,0.63195,2,40.35,0,7.32341,150.385,0.824415901333905,1.38217,0.89751,1.7180949762902893,1.05617,7.7341,158.835,0.87024,1.46009,0.94817,1.81332,0.63195,4.62784,95.049,0.5213057666843911,0.5985550880175257,0.87428,0.5681,1.08516,4140.96,4035.01,6798.93,1984.83,83.481
1698354180,0.63195,0.63198,0.63195,0.63198,1,36.45,1,7.32341,150.384,0.8249055483147181,1.38211,0.89754,1.7180654582939612,1.05622,7.7341,158.842,0.87057,1.46009,0.94825,1.8134,0.63198,4.62784,95.047,0.5213057666843911,0.5985550880175257,0.87428,0.56709,1.08507,4140.96,4035.01,6798.93,1984.83,83.481
1698354240,0.63198,0.63198,0.63198,0.63198,5,35.55,0,7.32341,150.393,0.8249055483147181,1.38239,0.89748,1.7180654582939612,1.05552,7.7341,158.763,0.87015,1.45948,0.94784,1.81252,0.63198,4.62784,95.049,0.5215613460455218,0.5990068466482572,0.8738,0.56738,1.0853,4140.96,4035.01,6798.93,1984.83,83.481
1698354300,0.63198,0.63199,0.63198,0.63199,35,35.45,35,7.32341,150.397,0.8249463784853985,1.38239,0.89784,1.7180654582939612,1.0562,7.73284,158.85,0.87087,1.46033,0.94872,1.81412,0.63199,4.62641,95.046,0.521294896522963,0.598386749323823,0.87376,0.56744,1.08537,4140.96,4035.01,6798.93,1984.83,83.481
1698354360,0.63199,0.63199,0.63199,0.63199,11,34.35,0,7.3234,150.4,0.8247218625518544,1.38254,0.89777,1.7180949762902893,1.05583,7.72993,158.797,0.87049,1.46008,0.94842,1.81368,0.63199,4.62642,95.034,0.5212758748312369,0.5986375010476156,0.8738,0.56755,1.08546,4140.96,4035.01,6798.93,1984.83,83.481
1698354420,0.63199,0.63199,0.63199,0.63199,13,33.95,0,7.32341,150.399,0.8247218625518544,1.38253,0.89775,1.7180949762902893,1.05614,7.7322,158.835,0.87072,1.46038,0.94861,1.81401,0.63199,4.62641,95.035,0.521289461612244,0.5985085167761938,0.87381,0.56754,1.08541,4140.96,4035.01,6798.93,1984.83,83.481
1698354480,0.63199,0.63204,0.63199,0.63204,13,33.4,13,7.32345,150.399,0.8245994508167658,1.38235,0.89772,1.7183902120493522,1.05567,7.72968,158.776,0.87032,1.4598,0.94828,1.81384,0.63204,4.62628,95.054,0.5212215347889314,0.5986769239979645,0.87381,0.56755,1.08578,4140.96,4035.01,6798.93,1984.83,83.481
1698354540,0.63204,0.63204,0.63198,0.63198,18,32.2,-18,7.32345,150.4,0.8245042668095808,1.38235,0.89771,1.7183311567805346,1.05563,7.72967,158.766,0.87029,1.45975,0.94825,1.81374,0.63198,4.62628,95.039,0.5212215347889314,0.5987808821239955,0.87381,0.56766,1.08581,4140.96,4035.01,6798.93,1984.83,83.481
1698354600,0.63198,0.63198,0.63198,0.63198,20,28.55,0,7.32345,150.39,0.8245042668095808,1.3823,0.89771,1.7183311567805346,1.05578,7.72952,158.778,0.87029,1.45985,0.94833,1.81391,0.63198,4.62628,95.038,0.5212106681399555,0.5987091830014488,0.8738,0.56766,1.08582,4140.96,4035.01,6798.93,1984.83,83.481
1698354660,0.63198,0.63198,0.63198,0.63198,28,27.5,0,7.32345,150.388,0.8245654540057389,1.38234,0.89775,1.7183311567805346,1.05565,7.72943,158.761,0.87023,1.45972,0.94826,1.81372,0.63198,4.62628,95.034,0.5212378356120114,0.5987593705841496,0.87378,0.56765,1.08578,4140.96,4035.01,6798.93,1984.83,83.481
1698354720,0.63198,0.63198,0.63193,0.63193,21,27.3,-21,7.32299,150.388,0.8245178631795057,1.38238,0.89782,1.7183311567805346,1.05573,7.72915,158.768,0.87024,1.45977,0.94834,1.81382,0.63193,4.62633,95.033,0.5211753546598289,0.5987091830014488,0.87377,0.56767,1.08578,4140.96,4035.01,6798.93,1984.83,83.481
1698354780,0.63193,0.63193,0.63184,0.63186,18,24.35,-18,7.32299,150.388,0.8245450572646542,1.38238,0.89781,1.7183311567805346,1.0559,7.73105,158.786,0.87034,1.45991,0.94845,1.81389,0.63186,4.62594,95.031,0.5211835034997473,0.5986482522464276,0.87379,0.56769,1.08572,4140.96,4035.01,6798.93,1984.83,83.481
1698354840,0.63186,0.63192,0.63185,0.63192,21,23.55,21,7.32343,150.386,0.8245450572646542,1.38238,0.8977,1.7183311567805346,1.05595,7.7299,158.795,0.87039,1.45984,0.94817,1.81398,0.63192,4.6261,95.036,0.5212025184505692,0.5986195832410461,0.87375,0.56745,1.08576,4140.96,4035.01,6798.93,1984.83,83.481
1698354900,0.63192,0.63197,0.63187,0.63192,22,22.95,0,7.32343,150.386,0.8245450572646542,1.38264,0.89827,1.7183311567805346,1.05593,7.7298,158.793,0.87037,1.45975,0.94866,1.81382,0.63192,4.6261,95.036,0.5212025184505692,0.5986339174004921,0.87371,0.5678,1.08564,4140.96,4035.01,6798.93,1984.83,83.481
1698354960,0.63192,0.63194,0.63189,0.6319,15,20.9,-15,7.3233,150.387,0.8245450572646542,1.38262,0.8979,1.7183311567805346,1.05594,7.72869,158.794,0.87038,1.45992,0.94827,1.81385,0.6319,4.62613,95.033,0.5211943690160372,0.5986231667165519,0.87377,0.56757,1.08565,4140.96,4035.01,6798.93,1984.83,83.481
1698355020,0.6319,0.63197,0.63184,0.63197,31,20.25,31,7.32344,150.387,0.8245450572646542,1.38246,0.89793,1.7183311567805346,1.05599,7.7288,158.799,0.87041,1.45985,0.94842,1.81398,0.63197,4.62649,95.039,0.5212161014078047,0.5986303337962742,0.87376,0.56766,1.08577,4140.96,4035.01,6798.93,1984.83,83.481
1698355080,0.63197,0.63198,0.63197,0.63198,19,20.15,19,7.32344,150.387,0.8245450572646542,1.38234,0.89795,1.7180654582939612,1.05595,7.73014,158.796,0.87042,1.45984,0.94841,1.8136,0.63198,4.62657,95.038,0.5212296850730243,0.5986375010476156,0.87374,0.56766,1.08553,4140.96,4035.01,6798.93,1984.83,83.481
1698355140,0.63198,0.63199,0.63197,0.63198,226,29.05,0,7.32348,150.387,0.824538258575198,1.38234,0.89768,1.7180359413118922,1.05599,7.73069,158.8,0.87042,1.45968,0.94814,1.81355,0.63198,4.62683,95.043,0.5212405525149857,0.5986554199268443,0.87368,0.56744,1.08551,4140.96,4035.01,6798.93,1984.83,83.481
1698355200,0.63198,0.63199,0.63196,0.63197,199,36.4,-199,7.32348,150.378,0.824538258575198,1.38239,0.89822,1.7180359413118922,1.05601,7.73068,158.802,0.87044,1.45978,0.94869,1.81361,0.63197,4.62683,95.044,0.5212378356120114,0.5986410847376455,0.87373,0.56781,1.08552,4140.96,4035.01,6798.93,1984.83,83.481
1698355260,0.63197,0.63198,0.63197,0.63198,85,40.15,85,7.32348,150.377,0.8245178631795057,1.38244,0.89793,1.7180359413118922,1.05602,7.73021,158.803,0.87039,1.45963,0.94848,1.81359,0.63198,4.62684,95.042,0.5212215347889314,0.5986410847376455,0.87363,0.56769,1.08553,4140.96,4035.01,6798.93,1984.83,83.481
1698355320,0.63198,0.63199,0.63198,0.63198,34,41.75,0,7.32348,150.376,0.8245042668095808,1.38243,0.89796,1.7180359413118922,1.05602,7.73035,158.807,0.87045,1.45972,0.9485,1.81366,0.63198,4.62692,95.042,0.5212296850730243,0.5986375010476156,0.87365,0.56768,1.08554,4140.96,4035.01,6798.93,1984.83,83.481
1698355380,0.63198,0.63208,0.63198,0.63206,18,42.6,18,7.32347,150.385,0.8245042668095808,1.38246,0.8978,1.7180359413118922,1.056,7.72994,158.803,0.87051,1.45974,0.94843,1.81363,0.63206,4.62785,95.054,0.5213275083673065,0.5987450304162475,0.87381,0.56774,1.08569,4140.96,4035.01,6798.93,1984.83,83.481
1698355440,0.63206,0.63206,0.63206,0.63206,2,42.45,0,7.32349,150.384,0.8245654540057389,1.38246,0.89786,1.7181244953009296,1.05597,7.73018,158.798,0.87058,1.45969,0.94843,1.81373,0.63206,4.62785,95.05,0.5213492518638236,0.5987450304162475,0.87382,0.56774,1.08571,4140.96,4035.01,6798.93,1984.83,83.481
1698355500,0.63206,0.63206,0.63205,0.63205,2,40.8,-2,7.32349,150.385,0.8245926512302922,1.38246,0.89804,1.7181835363653544,1.056,7.73097,158.806,0.87051,1.45981,0.94856,1.81374,0.63205,4.62779,95.053,0.5213275083673065,0.5987163521410097,0.87385,0.56782,1.08573,4140.96,4035.01,6798.93,1984.83,83.481
1698355620,0.63205,0.63205,0.63205,0.63205,4,40.45,0,7.32349,150.385,0.824551856066228,1.3824,0.89838,1.7183016306682475,1.05607,7.73211,158.812,0.87067,1.46011,0.94879,1.81419,0.63205,4.62779,95.041,0.5212432694462833,0.5985873338920148,0.87372,0.56777,1.08562,4140.96,4035.01,6798.93,1984.83,83.481
1698355680,0.63205,0.63206,0.63205,0.63206,9,40.25,9,7.32303,150.384,0.824538258575198,1.38235,0.89863,1.7183902120493522,1.05607,7.73209,158.807,0.8707,1.45984,0.9492,1.81425,0.63206,4.62773,95.039,0.5212351187373601,0.5985694190883788,0.87368,0.56801,1.08565,4140.96,4035.01,6798.93,1984.83,83.481
1698355740,0.63206,0.63206,0.63206,0.63206,9,40.05,0,7.32302,150.385,0.824538258575198,1.38234,0.89862,1.7184197412059872,1.05607,7.73211,158.811,0.87066,1.46006,0.94916,1.8143,0.63206,4.62773,95.044,0.5212405525149857,0.5985909169814257,0.87381,0.56801,1.08571,4140.96,4035.01,6798.93,1984.83,83.481
1698355800,0.63206,0.63206,0.63206,0.63206,22,40.25,0,7.32341,150.385,0.8245722531436818,1.38251,0.89892,1.7185083347654238,1.05608,7.73139,158.811,0.8707,1.46015,0.94944,1.81459,0.63206,4.6276,95.038,0.5211916525944921,0.5985515053570359,0.87382,0.56814,1.08586,4140.96,4035.01,6798.93,1984.83,83.481
1698355860,0.63206,0.63206,0.63197,0.632,43,41.4,-43,7.32341,150.385,0.824538258575198,1.38253,0.8985,1.7184197412059872,1.0561,7.73205,158.813,0.87071,1.46006,0.94899,1.81406,0.632,4.62616,95.05,0.5212921790534377,0.5986518360651812,0.87388,0.56795,1.08581,4140.96,4035.01,6798.93,1984.83,83.481
1698355920,0.632,0.63202,0.63197,0.63198,43,42.15,-43,7.3234,150.384,0.8247082594532185,1.3825,0.89848,1.7183902120493522,1.05624,7.73333,158.833,0.87095,1.46043,0.94906,1.81419,0.63198,4.62616,95.045,0.5213546880213547,0.5984977705958046,0.87393,0.56791,1.08571,4140.96,4035.01,6798.93,1984.83,83.481
1698355980,0.63198,0.63201,0.63198,0.63199,26,42.4,26,7.32341,150.384,0.8247082594532185,1.38253,0.89871,1.7180654582939612,1.05622,7.73225,158.828,0.87093,1.4604,0.94933,1.81405,0.63199,4.62616,95.047,0.5213873073473899,0.5985765848811526,0.87397,0.56808,1.08566,4140.96,4035.01,6798.93,1984.83,83.481
1698356040,0.63199,0.63201,0.63198,0.632,22,42.6,22,7.32341,150.384,0.8245926512302922,1.38254,0.89871,1.7180359413118922,1.05614,7.73227,158.813,0.87076,1.46037,0.94925,1.81422,0.632,4.62616,95.048,0.5213003315470108,0.5985909169814257,0.87398,0.56809,1.08566,4140.96,4035.01,6798.93,1984.83,83.481
1698356100,0.632,0.632,0.63197,0.632,34,43.25,0,7.32341,150.384,0.8246198502490352,1.38266,0.89883,1.7183902120493522,1.05616,7.73174,158.812,0.87084,1.46036,0.94933,1.814,0.632,4.62537,95.046,0.5213519699284184,0.5986088330719408,0.87399,0.56813,1.08575,4140.96,4035.01,6798.93,1984.83,83.481
1698356160,0.632,0.6321,0.63199,0.63207,11,42.7,11,7.3233,150.383,0.8246946568033187,1.38265,0.89883,1.7183902120493522,1.05616,7.73223,158.812,0.87095,1.46032,0.94934,1.81401,0.63207,4.62797,95.052,0.5214389629621905,0.5986554199268443,0.87403,0.56815,1.08582,4140.96,4035.01,6798.93,1984.83,83.481
1698356220,0.63207,0.6321,0.63207,0.6321,22,43.05,22,7.32315,150.381,0.8246946568033187,1.38273,0.89885,1.7183902120493522,1.05615,7.73214,158.817,0.87097,1.46033,0.9493499999999999,1.81401,0.6321,4.6279,95.058,0.5214770315441457,0.5987091830014488,0.87411,0.56821,1.0859,4140.96,4035.01,6798.93,1984.83,83.481
1698356280,0.6321,0.63211,0.6321,0.63211,8,41.9,8,7.32315,150.381,0.8246810546021326,1.38274,0.8988,1.7182425814876543,1.05616,7.73204,158.819,0.87097,1.46036,0.94936,1.81396,0.63211,4.62788,95.061,0.5214688735229395,0.5986948452373826,0.87411,0.56819,1.08584,4140.96,4035.01,6798.93,1984.83,83.481
1698356340,0.63211,0.63213,0.63211,0.63213,7,41.3,7,7.32313,150.383,0.8245586549799221,1.38273,0.89876,1.718567402213515,1.05617,7.73219,158.819,0.8708,1.46037,0.9493699999999999,1.81433,0.63213,4.6278,95.06,0.5213709971741691,0.5986876766128646,0.8741,0.56818,1.08609,4140.96,4035.01,6798.93,1984.83,83.481
1698356460,0.63213,0.63213,0.63212,0.63213,2,30.1,0,7.3232,150.381,0.8245654540057389,1.38274,0.89866,1.718567402213515,1.05616,7.73199,158.81799999999998,0.87081,1.46035,0.94923,1.8143099999999999,0.63213,4.62783,95.06700000000001,0.5213954628166826,0.5987055984960515,0.87412,0.56814,1.0861,4140.96,4035.01,6798.93,1984.83,83.481
1698356580,0.63213,0.63213,0.63213,0.63213,3,20.3,0,7.323230000000001,150.381,0.8245586549799221,1.38275,0.89872,1.718626473722201,1.05613,7.73206,158.81199999999998,0.87088,1.4603000000000002,0.94924,1.8143,0.63213,4.62783,95.06800000000001,0.5214036185411127,0.5987306909352174,0.87411,0.56818,1.08611,4140.96,4035.01,6798.93,1984.83,83.481
1698356640,0.63213,0.63215,0.63197,0.63199,46,18.35,-46,7.32326,150.382,0.8245586549799221,1.38275,0.89873,1.7186560109993985,1.05612,7.73213,158.813,0.87087,1.46029,0.94924,1.81452,0.63199,4.62598,95.044,0.5213030491015342,0.5986195832410461,0.87395,0.56807,1.08593,4140.96,4035.01,6798.93,1984.83,83.481
1698356700,0.63199,0.632,0.63194,0.63198,25,17.9,-25,7.32327,150.384,0.8245858517559556,1.38275,0.89889,1.7185083347654238,1.05614,7.73208,158.817,0.87086,1.4603,0.94942,1.81442,0.63198,4.62707,95.043,0.5212378356120114,0.5985085167761938,0.87392,0.56814,1.08592,4140.96,4035.01,6798.93,1984.83,83.481
1698356760,0.63198,0.63199,0.63197,0.63197,5,17.25,-5,7.32328,150.382,0.824551856066228,1.38274,0.8989,1.7185083347654238,1.05611,7.73213,158.817,0.8708,1.46028,0.94941,1.81436,0.63197,4.62707,95.039,0.5212785921307783,0.5985909169814257,0.87392,0.56814,1.0859,4140.96,4035.01,6798.93,1984.83,83.481
1698356820,0.63197,0.63198,0.63196,0.63196,4,17.35,-4,7.32323,150.37,0.824551856066228,1.38276,0.89869,1.7185083347654238,1.05613,7.73189,158.803,0.87079,1.46032,0.94922,1.81439,0.63196,4.62701,95.031,0.5212785921307783,0.5985909169814257,0.87393,0.56804,1.08591,4140.96,4035.01,6798.93,1984.83,83.481
1698356880,0.63196,0.63201,0.63196,0.63197,5,17.5,5,7.32323,150.365,0.824551856066228,1.38276,0.89873,1.7186560109993985,1.05614,7.73185,158.797,0.87081,1.46033,0.94925,1.81434,0.63197,4.62703,95.032,0.5212840268148503,0.5985945001137329,0.87395,0.56806,1.08589,4140.96,4035.01,6798.93,1984.83,83.481
1698356940,0.63197,0.63199,0.63197,0.63198,13,17.95,13,7.32322,150.356,0.824606250515379,1.38275,0.8984,1.7187446289230346,1.05613,7.73202,158.795,0.87089,1.46034,0.94892,1.81434,0.63198,4.62681,95.033,0.5213220727765614,0.5986088330719408,0.87394,0.56788,1.08593,4140.96,4035.01,6798.93,1984.83,83.481
1698357000,0.63198,0.63201,0.63198,0.632,27,18.85,27,7.32322,150.356,0.824551856066228,1.38269,0.89845,1.7189514396218306,1.05605,7.73092,158.78,0.87071,1.46014,0.94888,1.81443,0.632,4.62683,95.025,0.521197085465898,0.5985300102947162,0.87383,0.56784,1.08599,4140.96,4035.01,6798.93,1984.83,83.481
1698357060,0.632,0.632,0.63198,0.632,11,18.95,0,7.32322,150.363,0.8245450572646542,1.38266,0.89867,1.7186560109993985,1.05608,7.73115,158.798,0.87069,1.46016,0.94915,1.81422,0.632,4.6265,95.027,0.5211699222414476,0.5985049346731863,0.87382,0.56796,1.08578,4140.96,4035.01,6798.93,1984.83,83.481
1698357120,0.632,0.632,0.63197,0.63199,21,18.9,-21,7.32322,150.354,0.8245586549799221,1.38265,0.89896,1.718626473722201,1.05608,7.73114,158.787,0.87069,1.46015,0.94938,1.81414,0.63199,4.62688,95.031,0.5212867441993818,0.5986410847376455,0.87388,0.56818,1.08585,4140.96,4035.01,6798.93,1984.83,83.481
1698357180,0.63199,0.632,0.63199,0.632,11,17.3,11,7.32322,150.352,0.8245450572646542,1.38264,0.89901,1.718567402213515,1.0561,7.73165,158.789,0.87074,1.4602,0.94946,1.81415,0.632,4.62663,95.029,0.5212785921307783,0.5986195832410461,0.87389,0.5682,1.08583,4140.96,4035.01,6798.93,1984.83,83.481
1698357240,0.632,0.632,0.632,0.632,6,15.45,0,7.32327,150.352,0.8245450572646542,1.38261,0.89833,1.718626473722201,1.05613,7.73195,158.796,0.87072,1.46022,0.94888,1.81427,0.632,4.6261,95.031,0.5212840268148503,0.5986016665070395,0.87388,0.56786,1.08585,4140.96,4035.01,6798.93,1984.83,83.481
1698357300,0.632,0.632,0.63199,0.632,8,14.55,0,7.32337,150.346,0.8245450572646542,1.38261,0.89876,1.7185969374602574,1.05609,7.73166,158.785,0.8707,1.46019,0.94923,1.81425,0.632,4.62615,95.029,0.521289461612244,0.5986195832410461,0.8739,0.56806,1.0859,4140.96,4035.01,6798.93,1984.83,83.481
1698357360,0.632,0.63201,0.63199,0.632,23,14.6,0,7.32337,150.373,0.8245450572646542,1.38263,0.89887,1.7185969374602574,1.0561,7.73151,158.812,0.87071,1.46017,0.94937,1.81423,0.632,4.62686,95.044,0.521294896522963,0.5986231667165519,0.87391,0.56816,1.08589,4140.96,4035.01,6798.93,1984.83,83.481
1698357420,0.632,0.63212,0.63199,0.63212,80,16.9,80,7.32344,150.379,0.8245246615326264,1.38263,0.89881,1.7183311567805346,1.05607,7.73151,158.811,0.87067,1.46014,0.94928,1.81395,0.63212,4.62713,95.062,0.5213628424702171,0.5987271061722778,0.87403,0.56822,1.08587,4140.96,4035.01,6798.93,1984.83,83.481
1698357480,0.63212,0.63215,0.63211,0.63212,65,19.6,0,7.32344,150.379,0.8244974687927707,1.38251,0.89838,1.7187150885997629,1.0561,7.73191,158.817,0.87065,1.46015,0.94898,1.81434,0.63212,4.62678,95.065,0.5213546880213547,0.5987378605898765,0.87405,0.56804,1.08617,4140.96,4035.01,6798.93,1984.83,83.481
1698357540,0.63212,0.63216,0.63209,0.63214,34,20.2,34,7.32343,150.377,0.8244906708880589,1.38255,0.89882,1.718537867981921,1.0561,7.73161,158.815,0.87065,1.46014,0.94932,1.81424,0.63214,4.62711,95.065,0.5213601242922536,0.5987450304162475,0.87403,0.56823,1.08606,4140.96,4035.01,6798.93,1984.83,83.481
1698357600,0.63214,0.6325,0.63211,0.63243,159,27.75,159,7.32344,150.376,0.824334350012365,1.3829,0.89895,1.7176818166202892,1.05643,7.73433,158.858,0.87078,1.46094,0.94968,1.81392,0.63243,4.62935,95.1,0.5214525582462508,0.5987378605898765,0.87457,0.5685,1.08607,4153.12,4035.01,6798.93,1984.83,83.424
1698357660,0.63243,0.63248,0.63243,0.63245,27,28.75,27,7.3233,150.371,0.8243207596940122,1.38283,0.89894,1.7175638074954487,1.05644,7.73494,158.861,0.87079,1.46091,0.94968,1.81406,0.63245,4.63069,95.105,0.5214498391327247,0.5987665409256931,0.87466,0.56857,1.0861,4152.5,4035.01,6798.93,1984.26,83.44
1698357720,0.63245,0.63249,0.6324,0.63244,27,30,-27,7.32335,150.374,0.8243207596940122,1.38273,0.89893,1.7176228100309174,1.05648,7.73504,158.87,0.87084,1.46085,0.94971,1.81418,0.63244,4.63059,95.103,0.5213791521332228,0.5986769239979645,0.87454,0.56854,1.08615,4151.87,4035.01,6798.93,1984.08,83.455
1698357780,0.63244,0.63244,0.6324,0.63241,13,30.5,-13,7.32342,150.385,0.824334350012365,1.38274,0.89892,1.7176228100309174,1.05646,7.73518,158.875,0.87082,1.46085,0.94971,1.81438,0.63241,4.63035,95.105,0.5213954628166826,0.598666171769298,0.87453,0.5685,1.08619,4151.36,4035.01,6798.93,1983.92,83.561
1698357840,0.63241,0.63241,0.63241,0.63241,1,28.25,0,7.32334,150.382,0.824334350012365,1.38268,0.89898,1.7176523128188392,1.05644,7.73496,158.866,0.8708,1.46072,0.94973,1.81439,0.63241,4.63036,95.104,0.5213873073473899,0.5986769239979645,0.87449,0.56852,1.08617,4151.12,4035.01,6798.93,1983.75,83.594
1698357900,0.63241,0.6326,0.63241,0.63257,60,30,60,7.32324,150.387,0.8243207596940122,1.38267,0.89898,1.7173573305397656,1.05648,7.7351,158.87,0.87083,1.46077,0.94976,1.81407,0.63257,4.63145,95.127,0.5215259850322043,0.5988167381254641,0.87469,0.56869,1.08638,4152.12,4035.01,6798.93,1983.88,83.556
1698357960,0.63257,0.63257,0.63256,0.63257,6,30.05,0,7.32323,150.386,0.8243071698237632,1.38267,0.89908,1.7173573305397656,1.05647,7.73493,158.868,0.87082,1.46076,0.94983,1.81411,0.63257,4.63149,95.13,0.5215232651528585,0.5988203239617953,0.87471,0.56873,1.08619,4151.11,4035.01,6798.93,1983.97,83.535
1698358020,0.63257,0.63266,0.63256,0.63263,57,32.7,57,7.32322,150.379,0.824313964702876,1.38273,0.89901,1.7173868242082846,1.05646,7.73472,158.87,0.87082,1.46079,0.94976,1.81419,0.63263,4.63186,95.132,0.5215314248760059,0.5988597709960236,0.87477,0.56874,1.08642,4151.13,4035.01,6798.93,1983.92,83.53
1698358080,0.63263,0.63263,0.63253,0.63253,37,34.3,-37,7.32336,150.378,0.824313964702876,1.38275,0.89901,1.7174753112924004,1.0564,7.73462,158.862,0.87078,1.46075,0.94973,1.8141,0.63253,4.63134,95.118,0.5214444009907443,0.598788052980767,0.87466,0.56865,1.08634,4152.38,4035.01,6798.93,1983.94,83.526
1698358140,0.63253,0.63253,0.63252,0.63252,7,34,-7,7.32332,150.382,0.8243071698237632,1.38275,0.899,1.7175048090134653,1.05641,7.73465,158.864,0.87078,1.46074,0.9497599999999999,1.81425,0.63252,4.63117,95.116,0.5214579965583772,0.5987772967600161,0.87465,0.56864,1.08631,4153.13,4035.01,6798.93,1983.92,83.47
1698358200,0.63252,0.63252,0.63246,0.63246,50,35.15,-50,7.32353,150.382,0.8243411453395874,1.38273,0.899,1.7175343077477971,1.05643,7.73464,158.864,0.87081,1.46073,0.9497599999999999,1.81432,0.63246,4.63085,95.109,0.5214226495570515,0.5987271061722778,0.87454,0.56859,1.08628,4152.37,4035.01,6798.93,1983.99,83.47
1698358260,0.63246,0.6325,0.63246,0.6325,26,35.9,26,7.32372,150.383,0.8243411453395874,1.38273,0.899,1.7175343077477971,1.0564,7.73461,158.86,0.87081,1.4607,0.94977,1.81429,0.6325,4.63102,95.116,0.5214715928349803,0.5987772967600161,0.87464,0.56859,1.08628,4152.88,4035.01,6798.93,1983.97,83.48
1698358320,0.6325,0.63252,0.63246,0.63252,40,36.85,40,7.32369,150.381,0.824334350012365,1.38263,0.89902,1.7175343077477971,1.0564,7.73459,158.858,0.87078,1.46061,0.9497599999999999,1.8143,0.63252,4.63107,95.119,0.5214824703667587,0.5987916384735604,0.87461,0.5686,1.08631,4153.62,4035.01,6798.93,1984.19,83.509
1698358380,0.63252,0.63253,0.63242,0.63244,35,38.05,-35,7.3237,150.381,0.8243207596940122,1.38267,0.89902,1.7176523128188392,1.05635,7.73425,158.857,0.87076,1.46056,0.94967,1.81434,0.63244,4.63047,95.106,0.5213791521332228,0.5987378605898765,0.87446,0.56853,1.08631,4152.61,4035.01,6798.93,1984.22,83.434
1698358440,0.63244,0.63249,0.63244,0.63246,24,38.95,24,7.32371,150.377,0.8243207596940122,1.38265,0.899,1.7176523128188392,1.05633,7.73405,158.844,0.87072,1.46049,0.94961,1.81426,0.63246,4.63089,95.107,0.5213954628166826,0.598773711438973,0.87449,0.56858,1.08631,4153.37,4035.01,6798.93,1984.34,83.445
1698358500,0.63246,0.63247,0.63246,0.63247,8,38.95,8,7.32384,150.38,0.824313964702876,1.38265,0.89901,1.7176523128188392,1.05633,7.73446,158.847,0.87071,1.46052,0.94966,1.81432,0.63247,4.63091,95.11,0.5213900258088062,0.5987701261608656,0.87448,0.56857,1.08631,4153.13,4035.01,6798.93,1984.19,83.444
1698358560,0.63247,0.63248,0.63242,0.63247,29,39.25,0,7.32382,150.38,0.8243751236562686,1.38265,0.89904,1.7177998419624145,1.05633,7.73438,158.848,0.87079,1.46052,0.94966,1.81446,0.63247,4.63104,95.11,0.5214226495570515,0.5987665409256931,0.8745,0.56862,1.08633,4153.87,4035.01,6798.93,1984.13,83.445
1698358620,0.63247,0.63257,0.63247,0.63256,39,37.2,39,7.32385,150.377,0.824313964702876,1.38259,0.89904,1.7176523128188392,1.05633,7.73448,158.848,0.87071,1.46044,0.94967,1.81433,0.63256,4.63181,95.124,0.5214634349839389,0.5988525984214246,0.87458,0.56868,1.08642,4154.37,4035.01,6798.93,1984.04,83.45
1698358680,0.63256,0.63262,0.63256,0.63259,43,36.1,43,7.32382,150.369,0.8242120532770671,1.38255,0.89893,1.7175343077477971,1.05644,7.73512,158.86,0.87071,1.46056,0.94965,1.81434,0.63259,4.63229,95.125,0.5214525582462508,0.5988418398816688,0.87462,0.56866,1.08643,4155.63,4035.01,6798.93,1984.35,83.459
1698358740,0.63259,0.63262,0.63257,0.6326,26,35.7,26,7.32402,150.369,0.8241916740157091,1.38257,0.89889,1.7174163188898621,1.05644,7.73523,158.861,0.87066,1.46057,0.9496199999999999,1.81434,0.6326,4.63219,95.123,0.5214090558324816,0.5988239098410721,0.87464,0.56864,1.08642,4155.13,4035.01,6798.93,1984.38,83.444
1698358800,0.6326,0.63261,0.63258,0.63258,38,29.65,-38,7.32375,150.373,0.8241916740157091,1.38256,0.89892,1.7174163188898621,1.05642,7.73519,158.86,0.87068,1.46054,0.9496399999999999,1.81416,0.63258,4.63211,95.122,0.521365560676524,0.5988131523320779,0.87462,0.56862,1.08632,4155.88,4035.01,6798.93,1984.43,83.451
1698358860,0.63258,0.63258,0.63255,0.63257,42,30.4,-42,7.32379,150.367,0.8242256400112095,1.38257,0.89892,1.7174163188898621,1.05642,7.73508,158.852,0.87066,1.46055,0.9496199999999999,1.81418,0.63257,4.63188,95.118,0.5213954628166826,0.5988167381254641,0.8746,0.5686,1.08628,4156.11,4035.01,6798.93,1984.58,83.436
1698358920,0.63257,0.63265,0.63257,0.63261,51,31.6,51,7.32382,150.373,0.8241984669908514,1.38249,0.89893,1.7172688556120348,1.05642,7.73492,158.855,0.87065,1.46048,0.9496399999999999,1.81406,0.63261,4.6323,95.129,0.5214444009907443,0.5988705301800804,0.87461,0.56865,1.08633,4155.63,4035.01,6798.93,1984.44,83.434
1698358980,0.63261,0.63263,0.63258,0.63259,36,32.75,-36,7.3239,150.377,0.824218846588146,1.38259,0.89905,1.717239365995226,1.05634,7.73451,158.852,0.87064,1.46046,0.94968,1.81388,0.63259,4.63218,95.127,0.5214226495570515,0.5988669437424393,0.87464,0.56873,1.08628,4155.5,4035.01,6798.93,1984.41,83.39
1698359040,0.63259,0.63259,0.63257,0.63257,6,33,-6,7.32379,150.368,0.824218846588146,1.38257,0.89905,1.717239365995226,1.05634,7.73452,158.837,0.87065,1.46046,0.94967,1.8139,0.63257,4.63197,95.12,0.5214117745206922,0.5988669437424393,0.87462,0.5687099999999999,1.08627,4155.13,4035.01,6798.93,1984.54,83.399
1698359100,0.63257,0.63257,0.63256,0.63257,19,30.95,0,7.32388,150.371,0.8242324335462601,1.38257,0.89899,1.717239365995226,1.05634,7.73451,158.843,0.87065,1.46044,0.94963,1.81384,0.63257,4.63207,95.121,0.5214036185411127,0.5988669437424393,0.8746,0.56868,1.0862,4155.12,4035.01,6798.93,1984.8,83.416
1698359160,0.63257,0.63257,0.63256,0.63257,21,31.7,0,7.32398,150.37,0.8242324335462601,1.38258,0.89901,1.717327837884252,1.05628,7.73425,158.833,0.87064,1.46039,0.9495899999999999,1.81385,0.63257,4.63213,95.119,0.5214036185411127,0.5988920497080401,0.87462,0.5686899999999999,1.0862399999999999,4154.87,4035.01,6798.93,1984.73,83.39
1698359220,0.63257,0.63257,0.63252,0.63252,14,29.55,-14,7.32408,150.371,0.8242052600779698,1.38258,0.89901,1.7173868242082846,1.05632,7.7346,158.837,0.87061,1.46045,0.94963,1.814,0.63252,4.63182,95.114,0.5213546880213547,0.5988131523320779,0.87453,0.56863,1.08621,4154.37,4035.01,6798.93,1984.61,83.384
1698359280,0.63252,0.63252,0.63247,0.63249,16,28.5,-16,7.32402,150.367,0.8241984669908514,1.38258,0.89901,1.7174163188898621,1.05631,7.73435,158.833,0.87054,1.4604300000000001,0.9496,1.81404,0.63249,4.63153,95.107,0.5213220727765614,0.598788052980767,0.87448,0.56862,1.08618,4154.86,4035.01,6798.93,1984.54,83.384
1698359340,0.63249,0.63249,0.63246,0.63247,12,28.75,-12,7.32394,150.367,0.8241984669908514,1.38257,0.89901,1.7175343077477971,1.0563,7.7342,158.832,0.87051,1.4604300000000001,0.94961,1.8141,0.63247,4.63111,95.102,0.5212976140208206,0.5987629557334547,0.87444,0.5685699999999999,1.08618,4154.37,4035.01,6798.93,1984.58,83.391
1698359400,0.63247,0.63252,0.63247,0.63252,24,27.45,24,7.32413,150.366,0.8241780884013418,1.38257,0.89901,1.7175343077477971,1.0563,7.73428,158.832,0.87056,1.46037,0.9496,1.81405,0.63252,4.63155,95.109,0.5213438158196567,0.598831081728466,0.87451,0.56863,1.08626,4154.11,4035.01,6798.93,1984.58,83.429
1698359460,0.63252,0.63253,0.63251,0.63251,20,27.15,-20,7.32403,150.368,0.8241780884013418,1.38254,0.89903,1.7175343077477971,1.05629,7.73415,158.835,0.87052,1.46035,0.94963,1.81405,0.63251,4.63148,95.11,0.5213329440714018,0.598831081728466,0.87448,0.56865,1.08627,4153.24,4035.01,6798.93,1984.52,83.441
1698359520,0.63251,0.63255,0.63251,0.63251,15,25.9,0,7.32389,150.368,0.8241237504223633,1.38262,0.89904,1.7175638074954487,1.05628,7.73419,158.832,0.87047,1.46044,0.94963,1.81411,0.63251,4.63168,95.111,0.5213139196029674,0.5988418398816688,0.87454,0.56865,1.08629,4153.87,4035.01,6798.93,1984.57,83.426
1698359580,0.63251,0.63252,0.63251,0.63251,6,24.45,0,7.32364,150.369,0.8241373342453787,1.38257,0.89904,1.717593308256471,1.05629,7.73413,158.832,0.8704999999999999,1.46037,0.94963,1.81412,0.63251,4.63147,95.11,0.5213139196029674,0.598831081728466,0.8745,0.5686599999999999,1.0863099999999999,4154.13,4035.01,6798.93,1984.47,83.44
1698359640,0.63251,0.63253,0.63247,0.63249,24,24.45,-24,7.32387,150.369,0.8241509185161986,1.38258,0.89904,1.7177408272639825,1.0563,7.73408,158.836,0.87051,1.46042,0.94963,1.81427,0.63249,4.6314,95.107,0.5213057666843911,0.5988167381254641,0.8745,0.5686399999999999,1.08636,4154.36,4035.01,6798.93,1984.56,83.451
1698359700,0.63249,0.63252,0.63249,0.63252,6,24.35,6,7.32378,150.37,0.8241780884013418,1.38256,0.89908,1.7176523128188392,1.05631,7.73423,158.842,0.8705499999999999,1.4604000000000001,0.94968,1.81419,0.63252,4.63163,95.113,0.5213410978400839,0.598831081728466,0.8745,0.5686899999999999,1.08635,4153.99,4035.01,6798.93,1984.73,83.441
1698359760,0.63252,0.63252,0.63251,0.63251,3,23.05,-3,7.3237,150.376,0.8241780884013418,1.38256,0.89908,1.717593308256471,1.05631,7.73415,158.846,0.8705499999999999,1.46038,0.9496899999999999,1.81415,0.63251,4.63161,95.113,0.5213438158196567,0.5988274957632955,0.87448,0.56868,1.0863,4154.37,4035.01,6798.93,1984.83,83.449
1698359820,0.63251,0.63254,0.63251,0.63252,12,21.7,12,7.32375,150.378,0.8241848811525402,1.38256,0.89907,1.717593308256471,1.05634,7.73426,158.855,0.87057,1.4604300000000001,0.94972,1.81419,0.63252,4.63161,95.118,0.5213492518638236,0.5988239098410721,0.87451,0.5686899999999999,1.08637,4154.87,4035.01,6798.93,1984.88,83.445
1698359880,0.63252,0.63258,0.63251,0.63258,15,20.3,15,7.32385,150.378,0.8241916740157091,1.38255,0.89902,1.7176228100309174,1.05631,7.73428,158.853,0.8705499999999999,1.46039,0.94963,1.81418,0.63258,4.63191,95.12700000000001,0.5213981813631434,0.5988705301800804,0.87458,0.5687,1.08644,4155.13,4035.01,6798.93,1984.94,83.46
1698359940,0.63258,0.63262,0.63258,0.63262,22,20.1,22,7.32373,150.378,0.8241848811525402,1.38246,0.89905,1.717593308256471,1.0563,7.73423,158.85299999999998,0.8705499999999999,1.4603000000000002,0.94966,1.81415,0.63262,4.63237,95.13300000000001,0.5214280872453475,0.5989315061929518,0.87459,0.5687599999999999,1.08653,4155.61,4035.01,6798.93,1984.94,83.459
1698360000,0.63262,0.63262,0.63261,0.63261,12,18.8,-12,7.32383,150.371,0.8241848811525402,1.38246,0.89904,1.7175343077477971,1.0563,7.73417,158.844,0.87054,1.46029,0.94963,1.81409,0.63261,4.63244,95.128,0.5214226495570515,0.5989243318999078,0.87458,0.5687599999999999,1.0865099999999999,4156.12,4035.01,6798.93,1984.88,83.46
1698360060,0.63261,0.63262,0.63261,0.63262,5,16.95,5,7.32357,150.369,0.8241916740157091,1.38246,0.89904,1.7176228100309174,1.0563,7.73423,158.844,0.8705499999999999,1.4603000000000002,0.94965,1.81416,0.63262,4.63227,95.12700000000001,0.5214253683870228,0.5989207448178383,0.87459,0.5687599999999999,1.08652,4155.37,4035.01,6798.93,1984.83,83.461
1698360120,0.63262,0.63262,0.63254,0.63256,28,15.8,-28,7.3236,150.367,0.8241848811525402,1.38246,0.89904,1.7176818166202892,1.05634,7.73425,158.845,0.87056,1.46034,0.94967,1.81429,0.63256,4.6314,95.119,0.5213818705095986,0.5988705301800804,0.8745,0.56868,1.08643,4155.88,4035.01,6798.93,1985.09,83.466
1698360180,0.63256,0.63257,0.63255,0.63257,8,14.4,8,7.32333,150.367,0.8241169586787758,1.38238,0.89899,1.7175343077477971,1.05645,7.73492,158.862,0.87061,1.46041,0.94972,1.81433,0.63257,4.63138,95.119,0.5213546880213547,0.5988023952095809,0.87446,0.56867,1.0864,4156.36,4035.01,6798.93,1985.18,83.475
1698360240,0.63257,0.63258,0.63256,0.63257,11,14.65,0,7.32451,150.368,0.8241169586787758,1.38238,0.89907,1.7175638074954487,1.05643,7.73561,158.85899999999998,0.87059,1.46037,0.94979,1.81436,0.63257,4.63242,95.119,0.5213465338275699,0.5988095665816358,0.87445,0.56873,1.08644,4156.37,4035.01,6798.93,1985.18,83.465
1698360300,0.63257,0.63258,0.63257,0.63257,8,14.1,0,7.32452,150.366,0.8241169586787758,1.38237,0.89904,1.717593308256471,1.05642,7.73568,158.858,0.87056,1.46036,0.94978,1.81437,0.63257,4.63252,95.12,0.5213438158196567,0.5988167381254641,0.87446,0.5687,1.08643,4155.88,4035.01,6798.93,1985.09,83.43
1698360360,0.63257,0.6326,0.63257,0.63259,15,13.8,15,7.32441,150.37,0.8241169586787758,1.38237,0.89905,1.7175638074954487,1.05642,7.73562,158.858,0.87056,1.46036,0.94979,1.81432,0.63259,4.63273,95.125,0.5213574061426329,0.5988346677365846,0.87448,0.56874,1.08647,4155.61,4035.01,6798.93,1985.09,83.416
1698360420,0.63259,0.63261,0.63256,0.63256,19,14.05,-19,7.32422,150.369,0.8241237504223633,1.38237,0.89908,1.7176818166202892,1.05636,7.73509,158.852,0.87054,1.46029,0.94979,1.81433,0.63256,4.63243,95.118,0.5213601242922536,0.5988525984214246,0.87446,0.56872,1.08645,4156.86,4035.01,6798.93,1985.09,83.42
1698360480,0.63256,0.63257,0.63256,0.63257,10,13.75,10,7.32419,150.369,0.8241373342453787,1.38237,0.89908,1.7177408272639825,1.05636,7.73499,158.853,0.87053,1.46027,0.94979,1.81439,0.63257,4.63238,95.119,0.5213519699284184,0.598838253787652,0.87445,0.56873,1.0865,4156.63,4035.01,6798.93,1985.29,83.446
1698360540,0.63257,0.63257,0.63256,0.63256,1,13.2,-1,7.32413,150.371,0.8241305422778968,1.38237,0.89907,1.7177408272639825,1.05638,7.735,158.852,0.87054,1.46028,0.94979,1.81441,0.63256,4.63239,95.12,0.5213492518638236,0.598838253787652,0.87444,0.56872,1.08653,4156.37,4035.01,6798.93,1985.29,83.446
1698360600,0.63256,0.63267,0.63256,0.63266,34,13.7,34,7.32414,150.37,0.8241101670471308,1.38227,0.89903,1.7175638074954487,1.05639,7.73509,158.855,0.87056,1.46019,0.94977,1.81424,0.63266,4.63307,95.134,0.5214172119821675,0.598917157778736,0.87452,0.56878,1.08657,4156.63,4035.01,6815.81,1985.45,83.439
1698360660,0.63266,0.63277,0.63266,0.63277,26,14,26,7.32374,150.369,0.8240830016399251,1.38218,0.89904,1.7174163188898621,1.05645,7.73547,158.864,0.87054,1.4602,0.9498,1.81419,0.63277,4.63375,95.15,0.5214824703667587,0.5989924946240424,0.8746,0.56888,1.08664,4156.63,4035.01,6814.31,1985.41,83.45
1698360720,0.63277,0.63283,0.63277,0.63282,23,14.4,23,7.32359,150.368,0.8241033755274261,1.38217,0.89904,1.717327837884252,1.05646,7.73539,158.858,0.8706,1.46017,0.94979,1.81413,0.63282,4.63403,95.16,0.5215586257973328,0.5990247876457128,0.87465,0.56893,1.08669,4156.36,4035.01,6814.82,1985.34,83.45
1698360780,0.63282,0.63282,0.63281,0.63282,10,14.6,0,7.32322,150.368,0.8241033755274261,1.38218,0.89902,1.7172688556120348,1.05646,7.73494,158.861,0.87059,1.46016,0.94979,1.81409,0.63282,4.63379,95.158,0.5215450249820067,0.5990247876457128,0.87465,0.56892,1.08666,4156.37,4035.01,6815.8,1985.45,83.454
1698360840,0.63282,0.63283,0.63278,0.6328,26,14.7,-26,7.32312,150.368,0.8241033755274261,1.3822,0.89905,1.717239365995226,1.05649,7.735,158.863,0.87062,1.46023,0.9498,1.81411,0.6328,4.63355,95.153,0.5215287049399199,0.5989996705501812,0.87466,0.5689,1.08664,4156.49,4035.01,6814.81,1985.45,83.435
1698360900,0.6328,0.63281,0.63279,0.63281,6,14.7,6,7.32313,150.368,0.8240897928238261,1.38221,0.89905,1.7171803897999485,1.05649,7.73497,158.863,0.87057,1.46027,0.9498,1.81402,0.63281,4.63347,95.154,0.5215178254792748,0.5989960825656201,0.87464,0.56891,1.08657,4156.98,4035.01,6813.82,1985.35,83.435
1698360960,0.63281,0.63281,0.63273,0.63273,16,15.35,-16,7.32317,150.367,0.8241101670471308,1.38227,0.89907,1.7173573305397656,1.05642,7.73468,158.852,0.87056,1.46024,0.94979,1.8142,0.63273,4.63311,95.144,0.5214770315441457,0.5989602050839743,0.87461,0.56887,1.08657,4156.61,4035.01,6814.8,1985.34,83.441
1698361020,0.63273,0.63273,0.63262,0.63263,47,17.1,-47,7.3235,150.366,0.8241101670471308,1.38222,0.89908,1.7173868242082846,1.05644,7.73493,158.852,0.87056,1.46017,0.9498,1.81419,0.63263,4.63237,95.127,0.5213873073473899,0.5988705301800804,0.87443,0.56877,1.08641,4156.11,4035.01,6813.8,1985.35,83.454
1698361080,0.63263,0.63266,0.63255,0.63256,45,18.6,-45,7.32352,150.366,0.8241169586787758,1.38218,0.89909,1.7179473964507206,1.05644,7.73503,158.852,0.87057,1.46015,0.94982,1.81479,0.63256,4.63215,95.117,0.5213410978400839,0.598805980874137,0.87431,0.56873,1.08664,4156.12,4035.01,6816.3,1985.38,83.511
1698361140,0.63256,0.63257,0.63254,0.63255,60,20.5,-60,7.32345,150.367,0.8241101670471308,1.38209,0.89907,1.7178883716136124,1.05644,7.73486,158.852,0.87057,1.46009,0.94981,1.81474,0.63255,4.63182,95.116,0.5213329440714018,0.5988095665816358,0.87424,0.56871,1.08665,4155.87,4035.01,6816.81,1985.24,83.5
1698361200,0.63255,0.6327,0.63255,0.63266,105,25.15,105,7.32373,150.369,0.8240965841196589,1.38198,0.89902,1.717593308256471,1.05649,7.73525,158.867,0.87058,1.46008,0.94979,1.81449,0.63266,4.63229,95.134,0.5213981813631434,0.5988777031842328,0.87433,0.56878,1.08668,4157.12,4035.01,6825.22,1986.19,83.51
1698361260,0.63266,0.63271,0.63261,0.63262,89,29.35,-89,7.3229,150.379,0.8241169586787758,1.38198,0.89903,1.7177408272639825,1.05638,7.73422,158.86,0.87053,1.45987,0.94974,1.81448,0.63262,4.63222,95.134,0.5213709971741691,0.5988920497080401,0.87428,0.56874,1.08666,4157.12,4035.01,6822.72,1985.72,83.556
1698361320,0.63262,0.63265,0.63262,0.63264,105,33.2,105,7.32024,150.382,0.8240965841196589,1.38198,0.89902,1.717593308256471,1.05636,7.73034,158.861,0.87051,1.45986,0.94967,1.81436,0.63264,4.6298,95.139,0.5213818705095986,0.5989243318999078,0.8743,0.56876,1.08658,4157.37,4035.01,6825.2,1985.89,83.524
1698361380,0.63264,0.63277,0.63264,0.63277,71,36.35,71,7.32205,150.372,0.8240490473993013,1.38198,0.8989,1.7172983462416926,1.05643,7.73278,158.858,0.87053,1.45995,0.94962,1.8141,0.63277,4.63165,95.151,0.5214498391327247,0.5989960825656201,0.87449,0.5688,1.0866,4158.11,4035.01,6828.2,1986,83.559
1698361440,0.63277,0.6328,0.63274,0.63278,64,39,64,7.32113,150.369,0.8240490473993013,1.38209,0.89895,1.7173868242082846,1.05643,7.73181,158.857,0.87053,1.46004,0.94966,1.8142,0.63278,4.63133,95.15,0.5214634349839389,0.5990104347617736,0.87458,0.56885,1.08668,4158.62,4035.01,6827.2,1985.72,83.56
1698361500,0.63278,0.63287,0.63273,0.63274,186,47.9,-186,7.32018,150.359,0.8240558380235844,1.3821,0.89893,1.717593308256471,1.05646,7.73207,158.852,0.87056,1.46012,0.94968,1.81447,0.63274,4.63156,95.141,0.5214308061320263,0.5989602050839743,0.87453,0.56879,1.08673,4158.88,4035.01,6831.22,1985.8,83.566
1698361560,0.63274,0.63276,0.63266,0.63267,98,52.05,-98,7.3226,150.376,0.8241712957621111,1.38217,0.89903,1.7178883716136124,1.05635,7.73293,158.852,0.8706,1.46006,0.94969,1.8146,0.63267,4.63157,95.137,0.5214552773881348,0.5989566175721892,0.87448,0.5688,1.08679,4158.88,4035.01,6830.7,1985.18,83.546
1698361620,0.63267,0.63273,0.63267,0.63272,101,56.15,101,7.32136,150.382,0.8241509185161986,1.38216,0.89906,1.7180064253440308,1.0563,7.73137,158.854,0.87053,1.45998,0.94968,1.81465,0.63272,4.63146,95.149,0.5214715928349803,0.5990176111177669,0.87454,0.56888,1.08699,4159.12,4035.01,6834.22,1984.93,83.549
1698361680,0.63272,0.63281,0.63272,0.63274,120,61.65,120,7.32108,150.38,0.8241305422778968,1.38209,0.89904,1.7177408272639825,1.05633,7.73113,158.858,0.87054,1.45991,0.94968,1.81443,0.63274,4.63118,95.15,0.5214743121753822,0.5990283759741699,0.87452,0.56887,1.08683,4159.36,4035.01,6833.22,1984.92,83.559
1698361740,0.63274,0.63276,0.63273,0.63274,148,69,0,7.32119,150.38,0.8241169586787758,1.38208,0.89907,1.7177703341063302,1.0563,7.73108,158.85,0.87048,1.45987,0.94968,1.81435,0.63274,4.63086,95.151,0.5214743121753822,0.5990427297179108,0.8745,0.56887,1.08681,4159.11,4035.01,6835.2,1984.7,83.569
1698361800,0.63274,0.63274,0.6327,0.63274,61,70.35,0,7.3213,150.379,0.8241373342453787,1.38204,0.89905,1.7178588607160037,1.05631,7.73152,158.85,0.87052,1.45985,0.94967,1.81447,0.63274,4.63159,95.152,0.5214960679196479,0.5990391412174871,0.87447,0.56886,1.0869,4158.86,4035.01,6834.7,1984.81,83.57
1698361860,0.63274,0.63276,0.63272,0.63274,84,73.25,0,7.32111,150.378,0.8241441263248117,1.38207,0.89905,1.7178588607160037,1.05632,7.731,158.85,0.87051,1.45986,0.94967,1.81449,0.63274,4.63097,95.151,0.5214906288134002,0.5990427297179108,0.87449,0.56886,1.08691,4158.62,4035.01,6835.71,1984.76,83.55
1698361920,0.63274,0.6328,0.63274,0.6328,109,77.55,109,7.32075,150.37,0.823987936816605,1.38205,0.89902,1.7177113214353197,1.05637,7.73064,158.848,0.87039,1.45994,0.94968,1.81446,0.6328,4.63099,95.155,0.5214444009907443,0.5990678504247391,0.87457,0.56891,1.08693,4158.62,4035.01,6834.21,1984.72,83.55
1698361980,0.6328,0.63285,0.63278,0.6328,193,86.7,0,7.3205,150.369,0.8239472014633302,1.38199,0.89897,1.717593308256471,1.05644,7.73168,158.857,0.8704,1.45995,0.94969,1.81442,0.6328,4.63157,95.156,0.5214117745206922,0.5990211993602453,0.87452,0.56887,1.08684,4159.13,4035.01,6837.2,1985.1,83.536
1698362040,0.6328,0.63285,0.6328,0.63284,187,94.75,187,7.32054,150.371,0.8239539904091756,1.38197,0.89898,1.7175343077477971,1.05642,7.73184,158.856,0.87037,1.45991,0.94967,1.8143,0.63284,4.63197,95.16,0.5214552773881348,0.5990786170869203,0.87458,0.56892,1.08687,4159.12,4035.01,6833.22,1985.21,83.541
1698362100,0.63284,0.63284,0.63279,0.63284,195,104.2,0,7.32087,150.365,0.8239675686364984,1.38197,0.89898,1.7175048090134653,1.05642,7.73139,158.851,0.87039,1.45991,0.94967,1.8143,0.63284,4.63195,95.158,0.5214525582462508,0.5990642616233444,0.87455,0.5689,1.08684,4159.63,4035.01,6836.71,1985.19,83.524
1698362160,0.63284,0.63284,0.63283,0.63283,102,108.5,-102,7.32066,150.367,0.8239200467986586,1.38191,0.89895,1.717593308256471,1.05644,7.73223,158.854,0.87039,1.45989,0.94967,1.81442,0.63283,4.63188,95.158,0.5214335250470594,0.599046318261328,0.87452,0.5689,1.08689,4159.86,4035.01,6836.21,1985.21,83.521
1698362220,0.63283,0.63288,0.63283,0.63287,163,114.3,163,7.32044,150.366,0.8239132584121545,1.38195,0.89895,1.7173868242082846,1.05643,7.73176,158.854,0.87036,1.45993,0.94968,1.8142,0.63287,4.63201,95.163,0.521447120047556,0.5990893841361131,0.8746,0.56892,1.08685,4160.13,4035.01,6837.7,1985.16,83.51
1698362280,0.63287,0.63289,0.6328,0.6328,135,118.8,-135,7.32043,150.357,0.8239132584121545,1.38197,0.89898,1.71744581458455,1.05642,7.7315,158.844,0.87038,1.45992,0.94968,1.8142399999999999,0.6328,4.63167,95.146,0.5214008999379532,0.5990283759741699,0.87451,0.56887,1.08676,4160.11,4035.01,6836.2,1985.21,83.535
1698362340,0.6328,0.63281,0.6327699999999999,0.6327699999999999,53,118.45,-53,7.32019,150.357,0.8239404126293586,1.382,0.899,1.7175638074954487,1.0564,7.73139,158.837,0.87038,1.45994,0.9496899999999999,1.8143,0.6327699999999999,4.6316,95.144,0.5213900258088062,0.5990140229182765,0.87451,0.5688799999999999,1.08679,4159.87,4035.01,6836.7,1985.14,83.53